source,target,n_shared,n_target_loci,inheritance_ratio,tier,pruning_method
1810_clarke,1821_unknown,14,75,0.18666666666666668,hidden,single_ancestor
1821_unknown,1822_richardson,6,39,0.15384615384615385,hidden,single_ancestor
1818_sieber,1823_westphal,7,107,0.06542056074766354,hidden,single_ancestor
1821_unknown,1823_westphal,8,107,0.07476635514018691,hidden,single_ancestor
1822_richardson,1823_westphal,3,107,0.028037383177570093,hidden,single_ancestor
1810_clarke,1827_failoni,3,72,0.041666666666666664,hidden,single_ancestor
1818_sieber,1827_failoni,6,72,0.08333333333333333,hidden,single_ancestor
1821_unknown,1827_failoni,5,72,0.06944444444444445,hidden,single_ancestor
1818_sieber,1835_catherwood_G,94,132,0.7121212121212122,primary,single_ancestor
1810_clarke,1836_unknown,3,87,0.034482758620689655,hidden,single_ancestor
1821_unknown,1836_unknown,7,87,0.08045977011494253,hidden,single_ancestor
1827_failoni,1836_unknown,5,87,0.05747126436781609,hidden,single_ancestor
183-_starling,1836_unknown,9,87,0.10344827586206896,hidden,single_ancestor
1835_catherwood_G,1837_dufour,119,131,0.9083969465648855,primary,single_ancestor
1818_sieber,1837_unknown,4,131,0.030534351145038167,hidden,single_ancestor
1835_catherwood_G,1837_unknown,110,131,0.8396946564885496,primary,single_ancestor
1837_dufour,1837_unknown,9,131,0.06870229007633588,hidden,single_ancestor
1818_sieber,1837_unknown_2,3,94,0.031914893617021274,hidden,single_ancestor
1823_westphal,1837_unknown_2,4,94,0.0425531914893617,hidden,single_ancestor
1835_catherwood_G,1837_unknown_2,56,94,0.5957446808510638,primary,single_ancestor
1836_unknown,1837_unknown_2,3,94,0.031914893617021274,hidden,single_ancestor
1823_westphal,1840_renner,77,125,0.616,primary,single_ancestor
1835_catherwood_G,1840_renner,6,125,0.048,hidden,single_ancestor
1837_unknown_2,1840_renner,3,125,0.024,hidden,single_ancestor
1818_sieber,1841_aldrich_symonds,6,132,0.045454545454545456,hidden,single_ancestor
1823_westphal,1841_aldrich_symonds,4,132,0.030303030303030304,hidden,single_ancestor
1835_catherwood_G,1841_aldrich_symonds,11,132,0.08333333333333333,hidden,single_ancestor
1840_renner,1841_aldrich_symonds,5,132,0.03787878787878788,hidden,single_ancestor
1835_catherwood_G,1841_kiepert_G,47,127,0.3700787401574803,secondary,single_ancestor
1840_renner,1841_kiepert_G,4,127,0.031496062992125984,hidden,single_ancestor
1841_aldrich_symonds,1841_kiepert_G,10,127,0.07874015748031496,hidden,single_ancestor
1818_sieber,1842_bartlett_G,3,129,0.023255813953488372,hidden,single_ancestor
1835_catherwood_G,1842_bartlett_G,6,129,0.046511627906976744,hidden,single_ancestor
1841_kiepert_G,1842_bartlett_G,110,129,0.8527131782945736,primary,single_ancestor
1835_catherwood_G,1843_unknown,8,127,0.06299212598425197,hidden,single_ancestor
1837_unknown_2,1843_unknown,6,127,0.047244094488188976,hidden,single_ancestor
1840_renner,1843_unknown,5,127,0.03937007874015748,hidden,single_ancestor
1841_kiepert_G,1843_unknown,5,127,0.03937007874015748,hidden,single_ancestor
1842_bartlett_G,1843_unknown,67,127,0.5275590551181102,primary,single_ancestor
1835_catherwood_G,1843_ball,25,126,0.1984126984126984,secondary,single_ancestor
1837_unknown_2,1843_ball,5,126,0.03968253968253968,hidden,single_ancestor
1840_renner,1843_ball,8,126,0.06349206349206349,hidden,single_ancestor
1842_bartlett_G,1843_ball,55,126,0.4365079365079365,secondary,single_ancestor
1843_unknown,1843_ball,4,126,0.031746031746031744,hidden,single_ancestor
1823_westphal,1844_unknown,5,142,0.035211267605633804,hidden,single_ancestor
1827_failoni,1844_unknown,5,142,0.035211267605633804,hidden,single_ancestor
1835_catherwood_G,1844_unknown,6,142,0.04225352112676056,hidden,single_ancestor
1840_renner,1844_unknown,10,142,0.07042253521126761,hidden,single_ancestor
1842_bartlett_G,1844_unknown,14,142,0.09859154929577464,hidden,single_ancestor
1843_unknown,1844_unknown,38,142,0.2676056338028169,secondary,single_ancestor
1843_ball,1844_unknown,9,142,0.06338028169014084,hidden,single_ancestor
1837_unknown_2,1845_kiepert,3,125,0.024,hidden,single_ancestor
1841_kiepert_G,1845_kiepert,6,125,0.048,hidden,single_ancestor
1842_bartlett_G,1845_kiepert,78,125,0.624,primary,single_ancestor
1843_unknown,1845_kiepert,7,125,0.056,hidden,single_ancestor
1843_ball,1845_kiepert,8,125,0.064,hidden,single_ancestor
1827_failoni,1845_tobler,5,122,0.040983606557377046,hidden,single_ancestor
1835_catherwood_G,1845_tobler,6,122,0.04918032786885246,hidden,single_ancestor
1840_renner,1845_tobler,6,122,0.04918032786885246,hidden,single_ancestor
1841_aldrich_symonds,1845_tobler,4,122,0.03278688524590164,hidden,single_ancestor
1841_kiepert_G,1845_tobler,5,122,0.040983606557377046,hidden,single_ancestor
1842_bartlett_G,1845_tobler,5,122,0.040983606557377046,hidden,single_ancestor
1843_ball,1845_tobler,4,122,0.03278688524590164,hidden,single_ancestor
1845_kiepert,1845_tobler,24,122,0.19672131147540983,secondary,single_ancestor
1841_aldrich_symonds,1845_williams,5,118,0.0423728813559322,hidden,single_ancestor
1841_kiepert_G,1845_williams,6,118,0.05084745762711865,hidden,single_ancestor
1842_bartlett_G,1845_williams,44,118,0.3728813559322034,secondary,single_ancestor
1843_ball,1845_williams,3,118,0.025423728813559324,hidden,single_ancestor
1844_unknown,1845_williams,16,118,0.13559322033898305,hidden,single_ancestor
1845_kiepert,1845_williams,9,118,0.07627118644067797,hidden,single_ancestor
1835_catherwood_G,1846_vandevelde_G,4,140,0.02857142857142857,hidden,single_ancestor
1841_aldrich_symonds,1846_vandevelde_G,50,140,0.35714285714285715,secondary,single_ancestor
1842_bartlett_G,1846_vandevelde_G,3,140,0.02142857142857143,hidden,single_ancestor
1845_tobler,1846_vandevelde_G,19,140,0.1357142857142857,hidden,single_ancestor
1845_williams,1846_vandevelde_G,3,140,0.02142857142857143,hidden,single_ancestor
1823_westphal,1846_krafft,3,127,0.023622047244094488,hidden,single_ancestor
1835_catherwood_G,1846_krafft,12,127,0.09448818897637795,hidden,single_ancestor
1841_kiepert_G,1846_krafft,14,127,0.11023622047244094,hidden,single_ancestor
1843_unknown,1846_krafft,12,127,0.09448818897637795,hidden,single_ancestor
1845_kiepert,1846_krafft,64,127,0.5039370078740157,primary,single_ancestor
1845_williams,1846_krafft,3,127,0.023622047244094488,hidden,single_ancestor
1810_clarke,1848_gadow,6,67,0.08955223880597014,hidden,single_ancestor
1835_catherwood_G,1848_gadow,5,67,0.07462686567164178,hidden,single_ancestor
1840_renner,1848_gadow,9,67,0.13432835820895522,hidden,single_ancestor
1845_tobler,1848_gadow,4,67,0.05970149253731343,hidden,single_ancestor
1810_clarke,1851_unknown,8,85,0.09411764705882353,hidden,single_ancestor
1840_renner,1851_unknown,12,85,0.1411764705882353,hidden,single_ancestor
1844_unknown,1851_unknown,6,85,0.07058823529411765,hidden,single_ancestor
1845_tobler,1851_unknown,3,85,0.03529411764705882,hidden,single_ancestor
1845_williams,1851_unknown,10,85,0.11764705882352941,hidden,single_ancestor
1846_krafft,1851_unknown,4,85,0.047058823529411764,hidden,single_ancestor
1818_sieber,1852_vandevelde_G,3,150,0.02,hidden,single_ancestor
1835_catherwood_G,1852_vandevelde_G,8,150,0.05333333333333334,hidden,single_ancestor
1841_aldrich_symonds,1852_vandevelde_G,52,150,0.3466666666666667,secondary,single_ancestor
1841_kiepert_G,1852_vandevelde_G,4,150,0.02666666666666667,hidden,single_ancestor
1845_tobler,1852_vandevelde_G,4,150,0.02666666666666667,hidden,single_ancestor
1845_williams,1852_vandevelde_G,5,150,0.03333333333333333,hidden,single_ancestor
1846_vandevelde_G,1852_vandevelde_G,20,150,0.13333333333333333,hidden,single_ancestor
1841_aldrich_symonds,1852_lange,96,140,0.6857142857142857,primary,single_ancestor
1842_bartlett_G,1852_lange,3,140,0.02142857142857143,hidden,single_ancestor
1846_vandevelde_G,1852_lange,8,140,0.05714285714285714,hidden,single_ancestor
1852_vandevelde_G,1852_lange,11,140,0.07857142857142857,hidden,single_ancestor
1835_catherwood_G,1853_zimpel,3,133,0.022556390977443608,hidden,single_ancestor
1841_aldrich_symonds,1853_zimpel,53,133,0.39849624060150374,secondary,single_ancestor
1845_tobler,1853_zimpel,3,133,0.022556390977443608,hidden,single_ancestor
1845_williams,1853_zimpel,4,133,0.03007518796992481,hidden,single_ancestor
1846_vandevelde_G,1853_zimpel,22,133,0.16541353383458646,secondary,single_ancestor
1852_vandevelde_G,1853_zimpel,6,133,0.045112781954887216,hidden,single_ancestor
1852_lange,1853_zimpel,9,133,0.06766917293233082,hidden,single_ancestor
1835_catherwood_G,1854_unknown,8,132,0.06060606060606061,hidden,single_ancestor
1841_kiepert_G,1854_unknown,4,132,0.030303030303030304,hidden,single_ancestor
1842_bartlett_G,1854_unknown,5,132,0.03787878787878788,hidden,single_ancestor
1843_unknown,1854_unknown,19,132,0.14393939393939395,hidden,single_ancestor
1843_ball,1854_unknown,3,132,0.022727272727272728,hidden,single_ancestor
1844_unknown,1854_unknown,5,132,0.03787878787878788,hidden,single_ancestor
1845_kiepert,1854_unknown,54,132,0.4090909090909091,secondary,single_ancestor
1845_williams,1854_unknown,6,132,0.045454545454545456,hidden,single_ancestor
1846_vandevelde_G,1854_unknown,3,132,0.022727272727272728,hidden,single_ancestor
1846_krafft,1854_unknown,4,132,0.030303030303030304,hidden,single_ancestor
1842_bartlett_G,1854_unknown_2,81,132,0.6136363636363636,primary,single_ancestor
1843_unknown,1854_unknown_2,18,132,0.13636363636363635,hidden,single_ancestor
1845_kiepert,1854_unknown_2,15,132,0.11363636363636363,hidden,single_ancestor
1845_tobler,1854_unknown_2,4,132,0.030303030303030304,hidden,single_ancestor
1845_williams,1854_unknown_2,4,132,0.030303030303030304,hidden,single_ancestor
1854_unknown,1854_unknown_2,6,132,0.045454545454545456,hidden,single_ancestor
1841_aldrich_symonds,1854_coleman,7,67,0.1044776119402985,hidden,single_ancestor
1846_vandevelde_G,1854_coleman,11,67,0.16417910447761194,hidden,single_ancestor
1852_lange,1854_coleman,46,67,0.6865671641791045,primary,single_ancestor
1841_aldrich_symonds,18--_unknown,18,138,0.13043478260869565,hidden,single_ancestor
1844_unknown,18--_unknown,5,138,0.036231884057971016,hidden,single_ancestor
1845_tobler,18--_unknown,4,138,0.028985507246376812,hidden,single_ancestor
1846_vandevelde_G,18--_unknown,69,138,0.5,primary,single_ancestor
1851_unknown,18--_unknown,5,138,0.036231884057971016,hidden,single_ancestor
1853_zimpel,18--_unknown,6,138,0.043478260869565216,hidden,single_ancestor
1842_bartlett_G,1855_thrupp,5,118,0.0423728813559322,hidden,single_ancestor
1843_ball,1855_thrupp,3,118,0.025423728813559324,hidden,single_ancestor
1845_williams,1855_thrupp,4,118,0.03389830508474576,hidden,single_ancestor
1846_vandevelde_G,1855_thrupp,18,118,0.15254237288135594,secondary,single_ancestor
1851_unknown,1855_thrupp,5,118,0.0423728813559322,hidden,single_ancestor
1852_vandevelde_G,1855_thrupp,6,118,0.05084745762711865,hidden,single_ancestor
1852_lange,1855_thrupp,45,118,0.3813559322033898,secondary,single_ancestor
18--_unknown,1855_thrupp,11,118,0.09322033898305085,hidden,single_ancestor
1841_kiepert_G,1855_pierotti,13,113,0.11504424778761062,hidden,single_ancestor
1845_tobler,1855_pierotti,5,113,0.04424778761061947,hidden,single_ancestor
1846_vandevelde_G,1855_pierotti,28,113,0.24778761061946902,secondary,single_ancestor
1852_lange,1855_pierotti,3,113,0.02654867256637168,hidden,single_ancestor
1853_zimpel,1855_pierotti,4,113,0.035398230088495575,hidden,single_ancestor
18--_unknown,1855_pierotti,3,113,0.02654867256637168,hidden,single_ancestor
1822_richardson,18--_unknown_2,4,45,0.08888888888888889,hidden,single_ancestor
1836_unknown,18--_unknown_2,4,45,0.08888888888888889,hidden,single_ancestor
1845_williams,18--_unknown_2,3,45,0.06666666666666667,hidden,single_ancestor
1852_lange,18--_unknown_2,9,45,0.2,hidden,single_ancestor
1855_pierotti,18--_unknown_2,7,45,0.15555555555555556,hidden,single_ancestor
1842_bartlett_G,1856_warburton,7,143,0.04895104895104895,hidden,single_ancestor
1843_unknown,1856_warburton,50,143,0.34965034965034963,secondary,single_ancestor
1843_ball,1856_warburton,5,143,0.03496503496503497,hidden,single_ancestor
1844_unknown,1856_warburton,26,143,0.18181818181818182,secondary,single_ancestor
1845_kiepert,1856_warburton,4,143,0.027972027972027972,hidden,single_ancestor
1845_williams,1856_warburton,5,143,0.03496503496503497,hidden,single_ancestor
1854_unknown,1856_warburton,5,143,0.03496503496503497,hidden,single_ancestor
1854_unknown_2,1856_warburton,8,143,0.055944055944055944,hidden,single_ancestor
1846_vandevelde_G,1856_barclay,25,111,0.22522522522522523,secondary,single_ancestor
1852_vandevelde_G,1856_barclay,7,111,0.06306306306306306,hidden,single_ancestor
1853_zimpel,1856_barclay,8,111,0.07207207207207207,hidden,single_ancestor
1855_thrupp,1856_barclay,12,111,0.10810810810810811,hidden,single_ancestor
1855_pierotti,1856_barclay,44,111,0.3963963963963964,secondary,single_ancestor
1841_aldrich_symonds,1856_kiepert,11,127,0.08661417322834646,hidden,single_ancestor
1845_kiepert,1856_kiepert,5,127,0.03937007874015748,hidden,single_ancestor
1845_tobler,1856_kiepert,3,127,0.023622047244094488,hidden,single_ancestor
1846_krafft,1856_kiepert,23,127,0.18110236220472442,secondary,single_ancestor
1852_vandevelde_G,1856_kiepert,6,127,0.047244094488188976,hidden,single_ancestor
1852_lange,1856_kiepert,52,127,0.4094488188976378,secondary,single_ancestor
1854_unknown,1856_kiepert,4,127,0.031496062992125984,hidden,single_ancestor
1853_zimpel,1856_kiepert,5,127,0.03937007874015748,hidden,single_ancestor
1835_catherwood_G,1856_unknown_2,3,122,0.02459016393442623,hidden,single_ancestor
1840_renner,1856_unknown_2,13,122,0.10655737704918032,hidden,single_ancestor
1842_bartlett_G,1856_unknown_2,3,122,0.02459016393442623,hidden,single_ancestor
1843_unknown,1856_unknown_2,4,122,0.03278688524590164,hidden,single_ancestor
1844_unknown,1856_unknown_2,4,122,0.03278688524590164,hidden,single_ancestor
1845_kiepert,1856_unknown_2,4,122,0.03278688524590164,hidden,single_ancestor
1851_unknown,1856_unknown_2,4,122,0.03278688524590164,hidden,single_ancestor
1852_vandevelde_G,1856_unknown_2,3,122,0.02459016393442623,hidden,single_ancestor
1854_unknown,1856_unknown_2,55,122,0.45081967213114754,secondary,single_ancestor
1854_unknown_2,1856_unknown_2,10,122,0.08196721311475409,hidden,single_ancestor
1842_bartlett_G,1856_unknown,3,80,0.0375,hidden,single_ancestor
1846_vandevelde_G,1856_unknown,6,80,0.075,hidden,single_ancestor
1852_vandevelde_G,1856_unknown,5,80,0.0625,hidden,single_ancestor
1852_lange,1856_unknown,3,80,0.0375,hidden,single_ancestor
1853_zimpel,1856_unknown,3,80,0.0375,hidden,single_ancestor
1854_coleman,1856_unknown,37,80,0.4625,secondary,single_ancestor
1856_kiepert,1856_unknown,10,80,0.125,hidden,single_ancestor
1856_barclay,1856_unknown,4,80,0.05,hidden,single_ancestor
1835_catherwood_G,1856_stanley,3,73,0.0410958904109589,hidden,single_ancestor
1844_unknown,1856_stanley,6,73,0.0821917808219178,hidden,single_ancestor
1846_vandevelde_G,1856_stanley,14,73,0.1917808219178082,hidden,single_ancestor
1851_unknown,1856_stanley,17,73,0.2328767123287671,secondary,single_ancestor
1853_zimpel,1856_stanley,3,73,0.0410958904109589,hidden,single_ancestor
18--_unknown,1856_stanley,3,73,0.0410958904109589,hidden,single_ancestor
1855_pierotti,1856_stanley,8,73,0.1095890410958904,hidden,single_ancestor
1856_warburton,1856_stanley,3,73,0.0410958904109589,hidden,single_ancestor
1846_vandevelde_G,1857_sherwin,4,73,0.0547945205479452,hidden,single_ancestor
1853_zimpel,1857_sherwin,7,73,0.0958904109589041,hidden,single_ancestor
18--_unknown,1857_sherwin,3,73,0.0410958904109589,hidden,single_ancestor
1855_pierotti,1857_sherwin,25,73,0.3424657534246575,secondary,single_ancestor
1856_barclay,1857_sherwin,9,73,0.1232876712328767,hidden,single_ancestor
1841_aldrich_symonds,1858_vandevelde,21,149,0.14093959731543623,hidden,single_ancestor
1846_vandevelde_G,1858_vandevelde,105,149,0.7046979865771812,primary,single_ancestor
1855_thrupp,1858_vandevelde,5,149,0.03355704697986577,hidden,single_ancestor
1841_aldrich_symonds,1858_gratz,6,103,0.05825242718446602,hidden,single_ancestor
1846_vandevelde_G,1858_gratz,7,103,0.06796116504854369,hidden,single_ancestor
1852_lange,1858_gratz,62,103,0.6019417475728155,primary,single_ancestor
1853_zimpel,1858_gratz,3,103,0.02912621359223301,hidden,single_ancestor
1854_coleman,1858_gratz,5,103,0.04854368932038835,hidden,single_ancestor
1855_pierotti,1858_gratz,3,103,0.02912621359223301,hidden,single_ancestor
1856_kiepert,1858_gratz,3,103,0.02912621359223301,hidden,single_ancestor
1856_unknown_2,1858_gratz,3,103,0.02912621359223301,hidden,single_ancestor
1841_aldrich_symonds,1859_unknown,12,136,0.08823529411764706,hidden,single_ancestor
1845_tobler,1859_unknown,3,136,0.022058823529411766,hidden,single_ancestor
1846_vandevelde_G,1859_unknown,5,136,0.03676470588235294,hidden,single_ancestor
1852_vandevelde_G,1859_unknown,94,136,0.6911764705882353,primary,single_ancestor
1852_lange,1859_unknown,3,136,0.022058823529411766,hidden,single_ancestor
1853_zimpel,1859_unknown,7,136,0.051470588235294115,hidden,single_ancestor
1856_kiepert,1859_unknown,5,136,0.03676470588235294,hidden,single_ancestor
1818_sieber,1859_saintine_2,7,134,0.05223880597014925,hidden,single_ancestor
1827_failoni,1859_saintine_2,4,134,0.029850746268656716,hidden,single_ancestor
1835_catherwood_G,1859_saintine_2,28,134,0.208955223880597,secondary,single_ancestor
1837_unknown_2,1859_saintine_2,4,134,0.029850746268656716,hidden,single_ancestor
1840_renner,1859_saintine_2,4,134,0.029850746268656716,hidden,single_ancestor
1843_ball,1859_saintine_2,3,134,0.022388059701492536,hidden,single_ancestor
1844_unknown,1859_saintine_2,5,134,0.03731343283582089,hidden,single_ancestor
1845_tobler,1859_saintine_2,5,134,0.03731343283582089,hidden,single_ancestor
18--_unknown,1859_saintine_2,4,134,0.029850746268656716,hidden,single_ancestor
1855_pierotti,1859_saintine_2,17,134,0.12686567164179105,hidden,single_ancestor
1854_unknown_2,1859_saintine_2,10,134,0.07462686567164178,hidden,single_ancestor
1858_gratz,1859_saintine_2,3,134,0.022388059701492536,hidden,single_ancestor
1835_catherwood_G,1859_saintine,7,70,0.1,hidden,single_ancestor
1855_pierotti,1859_saintine,6,70,0.08571428571428572,hidden,single_ancestor
1856_barclay,1859_saintine,20,70,0.2857142857142857,secondary,single_ancestor
1857_sherwin,1859_saintine,4,70,0.05714285714285714,hidden,single_ancestor
1859_saintine_2,1859_saintine,21,70,0.3,secondary,single_ancestor
1846_vandevelde_G,1860_bartholomew,112,155,0.7225806451612903,primary,single_ancestor
1858_vandevelde,1860_bartholomew,20,155,0.12903225806451613,hidden,single_ancestor
1846_vandevelde_G,1860_pierotti,3,152,0.019736842105263157,hidden,single_ancestor
1852_vandevelde_G,1860_pierotti,4,152,0.02631578947368421,hidden,single_ancestor
18--_unknown,1860_pierotti,3,152,0.019736842105263157,hidden,single_ancestor
1855_pierotti,1860_pierotti,24,152,0.15789473684210525,secondary,single_ancestor
1856_barclay,1860_pierotti,55,152,0.3618421052631579,secondary,single_ancestor
1858_vandevelde,1860_pierotti,6,152,0.039473684210526314,hidden,single_ancestor
1857_sherwin,1860_pierotti,5,152,0.03289473684210526,hidden,single_ancestor
1859_saintine_2,1860_pierotti,4,152,0.02631578947368421,hidden,single_ancestor
1859_unknown,1860_pierotti,5,152,0.03289473684210526,hidden,single_ancestor
1860_bartholomew,1860_pierotti,16,152,0.10526315789473684,hidden,single_ancestor
1835_catherwood_G,1860_pierotti_2,5,139,0.03597122302158273,hidden,single_ancestor
1852_vandevelde_G,1860_pierotti_2,9,139,0.06474820143884892,hidden,single_ancestor
1855_pierotti,1860_pierotti_2,3,139,0.02158273381294964,hidden,single_ancestor
1856_barclay,1860_pierotti_2,7,139,0.050359712230215826,hidden,single_ancestor
1858_vandevelde,1860_pierotti_2,4,139,0.02877697841726619,hidden,single_ancestor
1859_saintine_2,1860_pierotti_2,8,139,0.05755395683453238,hidden,single_ancestor
1860_pierotti,1860_pierotti_2,67,139,0.48201438848920863,secondary,single_ancestor
1835_catherwood_G,1861_lionnet,3,136,0.022058823529411766,hidden,single_ancestor
1840_renner,1861_lionnet,7,136,0.051470588235294115,hidden,single_ancestor
1843_unknown,1861_lionnet,3,136,0.022058823529411766,hidden,single_ancestor
1845_tobler,1861_lionnet,3,136,0.022058823529411766,hidden,single_ancestor
1846_vandevelde_G,1861_lionnet,3,136,0.022058823529411766,hidden,single_ancestor
1852_lange,1861_lionnet,5,136,0.03676470588235294,hidden,single_ancestor
1854_unknown,1861_lionnet,13,136,0.09558823529411764,hidden,single_ancestor
1856_warburton,1861_lionnet,29,136,0.21323529411764705,secondary,single_ancestor
1856_barclay,1861_lionnet,3,136,0.022058823529411766,hidden,single_ancestor
1858_gratz,1861_lionnet,23,136,0.16911764705882354,secondary,single_ancestor
1860_bartholomew,1861_lionnet,8,136,0.058823529411764705,hidden,single_ancestor
1860_pierotti_2,1861_lionnet,12,136,0.08823529411764706,hidden,single_ancestor
1846_vandevelde_G,1861_mandrot,84,104,0.8076923076923077,primary,single_ancestor
1852_lange,1861_mandrot,7,104,0.0673076923076923,hidden,single_ancestor
1858_vandevelde,1861_mandrot,5,104,0.04807692307692308,hidden,single_ancestor
1860_bartholomew,1861_mandrot,5,104,0.04807692307692308,hidden,single_ancestor
1823_westphal,1862_johnson,7,92,0.07608695652173914,hidden,single_ancestor
1841_aldrich_symonds,1862_johnson,3,92,0.03260869565217391,hidden,single_ancestor
1844_unknown,1862_johnson,4,92,0.043478260869565216,hidden,single_ancestor
1845_tobler,1862_johnson,6,92,0.06521739130434782,hidden,single_ancestor
1845_williams,1862_johnson,4,92,0.043478260869565216,hidden,single_ancestor
1854_unknown,1862_johnson,12,92,0.13043478260869565,hidden,single_ancestor
1854_unknown_2,1862_johnson,28,92,0.30434782608695654,secondary,single_ancestor
1856_warburton,1862_johnson,6,92,0.06521739130434782,hidden,single_ancestor
1856_unknown_2,1862_johnson,3,92,0.03260869565217391,hidden,single_ancestor
1855_thrupp,1862_devogue,3,16,0.1875,hidden,single_ancestor
1859_saintine,1862_devogue,3,16,0.1875,hidden,single_ancestor
1860_pierotti_2,1862_devogue,9,16,0.5625,hidden,single_ancestor
1846_vandevelde_G,1863_pierotti,9,152,0.05921052631578947,hidden,single_ancestor
1856_barclay,1863_pierotti,12,152,0.07894736842105263,hidden,single_ancestor
1860_pierotti,1863_pierotti,86,152,0.5657894736842105,primary,single_ancestor
1860_pierotti_2,1863_pierotti,11,152,0.07236842105263158,hidden,single_ancestor
1856_barclay,1863_gelis,5,44,0.11363636363636363,hidden,single_ancestor
1860_pierotti,1863_gelis,30,44,0.6818181818181818,primary,single_ancestor
1846_vandevelde_G,1864_pierotti,3,152,0.019736842105263157,hidden,single_ancestor
1860_bartholomew,1864_pierotti,3,152,0.019736842105263157,hidden,single_ancestor
1860_pierotti,1864_pierotti,101,152,0.6644736842105263,primary,single_ancestor
1860_pierotti_2,1864_pierotti,10,152,0.06578947368421052,hidden,single_ancestor
1863_pierotti,1864_pierotti,16,152,0.10526315789473684,hidden,single_ancestor
1852_lange,1864_mitchell,38,63,0.6031746031746031,primary,single_ancestor
1854_coleman,1864_mitchell,6,63,0.09523809523809523,hidden,single_ancestor
1856_kiepert,1864_mitchell,3,63,0.047619047619047616,hidden,single_ancestor
1846_vandevelde_G,1865_wilson_G,11,184,0.059782608695652176,hidden,single_ancestor
1855_thrupp,1865_wilson_G,3,184,0.016304347826086956,hidden,single_ancestor
1856_barclay,1865_wilson_G,36,184,0.1956521739130435,secondary,single_ancestor
1860_pierotti,1865_wilson_G,5,184,0.02717391304347826,hidden,single_ancestor
1863_pierotti,1865_wilson_G,8,184,0.043478260869565216,hidden,single_ancestor
1846_vandevelde_G,1865_riess,105,151,0.695364238410596,primary,single_ancestor
1852_lange,1865_riess,8,151,0.052980132450331126,hidden,single_ancestor
1859_unknown,1865_riess,3,151,0.019867549668874173,hidden,single_ancestor
1860_bartholomew,1865_riess,19,151,0.12582781456953643,hidden,single_ancestor
1846_vandevelde_G,1865_fehr,97,151,0.6423841059602649,primary,single_ancestor
1852_vandevelde_G,1865_fehr,3,151,0.019867549668874173,hidden,single_ancestor
1853_zimpel,1865_fehr,6,151,0.039735099337748346,hidden,single_ancestor
18--_unknown,1865_fehr,4,151,0.026490066225165563,hidden,single_ancestor
1858_vandevelde,1865_fehr,4,151,0.026490066225165563,hidden,single_ancestor
1860_bartholomew,1865_fehr,9,151,0.059602649006622516,hidden,single_ancestor
1863_pierotti,1865_fehr,3,151,0.019867549668874173,hidden,single_ancestor
1865_riess,1865_fehr,3,151,0.019867549668874173,hidden,single_ancestor
1846_vandevelde_G,1865_unknown,10,108,0.09259259259259259,hidden,single_ancestor
18--_unknown,1865_unknown,3,108,0.027777777777777776,hidden,single_ancestor
1861_mandrot,1865_unknown,87,108,0.8055555555555556,primary,single_ancestor
1852_lange,1866_weller,3,175,0.017142857142857144,hidden,single_ancestor
1856_barclay,1866_weller,13,175,0.07428571428571429,hidden,single_ancestor
1859_saintine,1866_weller,4,175,0.022857142857142857,hidden,single_ancestor
1860_pierotti,1866_weller,60,175,0.34285714285714286,secondary,single_ancestor
1863_pierotti,1866_weller,11,175,0.06285714285714286,hidden,single_ancestor
1865_riess,1866_weller,9,175,0.05142857142857143,hidden,single_ancestor
1865_wilson_G,1866_weller,36,175,0.2057142857142857,secondary,single_ancestor
1855_thrupp,1866_gelis,3,143,0.02097902097902098,hidden,single_ancestor
1855_pierotti,1866_gelis,8,143,0.055944055944055944,hidden,single_ancestor
1856_barclay,1866_gelis,5,143,0.03496503496503497,hidden,single_ancestor
1857_sherwin,1866_gelis,4,143,0.027972027972027972,hidden,single_ancestor
1860_pierotti,1866_gelis,71,143,0.4965034965034965,secondary,single_ancestor
1860_pierotti_2,1866_gelis,5,143,0.03496503496503497,hidden,single_ancestor
1863_pierotti,1866_gelis,5,143,0.03496503496503497,hidden,single_ancestor
1864_pierotti,1866_gelis,16,143,0.11188811188811189,hidden,single_ancestor
1865_fehr,1866_gelis,4,143,0.027972027972027972,hidden,single_ancestor
1866_weller,1866_gelis,6,143,0.04195804195804196,hidden,single_ancestor
1845_williams,1866_vandevelde,4,140,0.02857142857142857,hidden,single_ancestor
1846_vandevelde_G,1866_vandevelde,15,140,0.10714285714285714,hidden,single_ancestor
18--_unknown,1866_vandevelde,5,140,0.03571428571428571,hidden,single_ancestor
1860_bartholomew,1866_vandevelde,4,140,0.02857142857142857,hidden,single_ancestor
1864_pierotti,1866_vandevelde,10,140,0.07142857142857142,hidden,single_ancestor
1865_riess,1866_vandevelde,3,140,0.02142857142857143,hidden,single_ancestor
1865_fehr,1866_vandevelde,76,140,0.5428571428571428,primary,single_ancestor
1846_vandevelde_G,1866_unknown,4,84,0.047619047619047616,hidden,single_ancestor
1856_barclay,1866_unknown,6,84,0.07142857142857142,hidden,single_ancestor
1860_pierotti,1866_unknown,15,84,0.17857142857142858,secondary,single_ancestor
1866_weller,1866_unknown,52,84,0.6190476190476191,primary,single_ancestor
1848_gadow,1866_unknown_2,4,46,0.08695652173913043,hidden,single_ancestor
18--_unknown_2,1866_unknown_2,3,46,0.06521739130434782,hidden,single_ancestor
1865_unknown,1866_unknown_2,12,46,0.2608695652173913,hidden,single_ancestor
1866_unknown,1866_unknown_2,3,46,0.06521739130434782,hidden,single_ancestor
1857_sherwin,1867_roberts,41,62,0.6612903225806451,primary,single_ancestor
1859_unknown,1867_roberts,3,62,0.04838709677419355,hidden,single_ancestor
1866_gelis,1867_roberts,4,62,0.06451612903225806,hidden,single_ancestor
1855_pierotti,1868_unknown,4,77,0.05194805194805195,hidden,single_ancestor
1856_barclay,1868_unknown,3,77,0.03896103896103896,hidden,single_ancestor
1860_pierotti,1868_unknown,6,77,0.07792207792207792,hidden,single_ancestor
1863_pierotti,1868_unknown,5,77,0.06493506493506493,hidden,single_ancestor
1864_pierotti,1868_unknown,53,77,0.6883116883116883,primary,single_ancestor
1865_fehr,1868_unknown,4,77,0.05194805194805195,hidden,single_ancestor
1860_pierotti,1869_pierotti,89,144,0.6180555555555556,primary,single_ancestor
1863_pierotti,1869_pierotti,10,144,0.06944444444444445,hidden,single_ancestor
1864_pierotti,1869_pierotti,17,144,0.11805555555555555,hidden,single_ancestor
1866_gelis,1869_pierotti,10,144,0.06944444444444445,hidden,single_ancestor
1868_unknown,1869_pierotti,7,144,0.04861111111111111,hidden,single_ancestor
1855_pierotti,1869_pierotti_2,3,92,0.03260869565217391,hidden,single_ancestor
1860_pierotti,1869_pierotti_2,3,92,0.03260869565217391,hidden,single_ancestor
1860_pierotti_2,1869_pierotti_2,3,92,0.03260869565217391,hidden,single_ancestor
1863_pierotti,1869_pierotti_2,46,92,0.5,primary,single_ancestor
1864_pierotti,1869_pierotti_2,6,92,0.06521739130434782,hidden,single_ancestor
1866_unknown,1869_pierotti_2,6,92,0.06521739130434782,hidden,single_ancestor
1869_pierotti,1869_pierotti_2,10,92,0.10869565217391304,hidden,single_ancestor
1866_unknown,1870_warren,9,17,0.5294117647058824,hidden,single_ancestor
1846_vandevelde_G,1871_howe,9,143,0.06293706293706294,hidden,single_ancestor
1860_pierotti,1871_howe,3,143,0.02097902097902098,hidden,single_ancestor
1863_pierotti,1871_howe,9,143,0.06293706293706294,hidden,single_ancestor
1865_riess,1871_howe,3,143,0.02097902097902098,hidden,single_ancestor
1865_wilson_G,1871_howe,20,143,0.13986013986013987,hidden,single_ancestor
1866_weller,1871_howe,86,143,0.6013986013986014,primary,single_ancestor
1856_barclay,1871_whitney,9,76,0.11842105263157894,hidden,single_ancestor
1866_weller,1871_whitney,46,76,0.6052631578947368,primary,single_ancestor
1871_howe,1871_whitney,7,76,0.09210526315789473,hidden,single_ancestor
1860_pierotti,1872_wolff,3,141,0.02127659574468085,hidden,single_ancestor
1860_pierotti_2,1872_wolff,3,141,0.02127659574468085,hidden,single_ancestor
1864_pierotti,1872_wolff,23,141,0.16312056737588654,secondary,single_ancestor
1869_pierotti,1872_wolff,108,141,0.7659574468085106,primary,single_ancestor
1846_vandevelde_G,1873_rawson,11,132,0.08333333333333333,hidden,single_ancestor
1852_vandevelde_G,1873_rawson,9,132,0.06818181818181818,hidden,single_ancestor
1856_kiepert,1873_rawson,4,132,0.030303030303030304,hidden,single_ancestor
1858_vandevelde,1873_rawson,3,132,0.022727272727272728,hidden,single_ancestor
1860_pierotti_2,1873_rawson,3,132,0.022727272727272728,hidden,single_ancestor
1861_lionnet,1873_rawson,4,132,0.030303030303030304,hidden,single_ancestor
1865_riess,1873_rawson,4,132,0.030303030303030304,hidden,single_ancestor
1865_fehr,1873_rawson,12,132,0.09090909090909091,hidden,single_ancestor
1866_weller,1873_rawson,9,132,0.06818181818181818,hidden,single_ancestor
1866_vandevelde,1873_rawson,41,132,0.3106060606060606,secondary,single_ancestor
1823_westphal,1873_illes,4,106,0.03773584905660377,hidden,single_ancestor
1852_lange,1873_illes,9,106,0.08490566037735849,hidden,single_ancestor
1856_barclay,1873_illes,13,106,0.12264150943396226,hidden,single_ancestor
1860_pierotti_2,1873_illes,3,106,0.02830188679245283,hidden,single_ancestor
1863_pierotti,1873_illes,9,106,0.08490566037735849,hidden,single_ancestor
1865_riess,1873_illes,5,106,0.04716981132075472,hidden,single_ancestor
1866_weller,1873_illes,36,106,0.33962264150943394,secondary,single_ancestor
1866_unknown,1873_illes,4,106,0.03773584905660377,hidden,single_ancestor
1859_saintine,1873_conder,5,43,0.11627906976744186,hidden,single_ancestor
1866_weller,1873_conder,28,43,0.6511627906976745,primary,single_ancestor
1866_unknown,1873_conder,4,43,0.09302325581395349,hidden,single_ancestor
1866_weller,1874_saunders,10,43,0.23255813953488372,hidden,single_ancestor
1871_howe,1874_saunders,27,43,0.627906976744186,primary,single_ancestor
1845_williams,1874_unknown,4,124,0.03225806451612903,hidden,single_ancestor
1846_vandevelde_G,1874_unknown,4,124,0.03225806451612903,hidden,single_ancestor
1855_thrupp,1874_unknown,3,124,0.024193548387096774,hidden,single_ancestor
1856_barclay,1874_unknown,7,124,0.056451612903225805,hidden,single_ancestor
1859_saintine_2,1874_unknown,3,124,0.024193548387096774,hidden,single_ancestor
1860_pierotti_2,1874_unknown,5,124,0.04032258064516129,hidden,single_ancestor
1861_lionnet,1874_unknown,6,124,0.04838709677419355,hidden,single_ancestor
1865_riess,1874_unknown,11,124,0.08870967741935484,hidden,single_ancestor
1866_weller,1874_unknown,32,124,0.25806451612903225,secondary,single_ancestor
1866_gelis,1874_unknown,4,124,0.03225806451612903,hidden,single_ancestor
1865_unknown,1874_unknown,3,124,0.024193548387096774,hidden,single_ancestor
1869_pierotti_2,1874_unknown,4,124,0.03225806451612903,hidden,single_ancestor
1873_illes,1874_unknown,3,124,0.024193548387096774,hidden,single_ancestor
1865_wilson_G,1875_weller,4,134,0.029850746268656716,hidden,single_ancestor
1866_weller,1875_weller,22,134,0.16417910447761194,secondary,single_ancestor
1871_howe,1875_weller,93,134,0.6940298507462687,primary,single_ancestor
1871_whitney,1875_weller,6,134,0.04477611940298507,hidden,single_ancestor
1866_weller,1875_unknown_2,4,49,0.08163265306122448,hidden,single_ancestor
1865_unknown,1875_unknown_2,3,49,0.061224489795918366,hidden,single_ancestor
1866_unknown,1875_unknown_2,27,49,0.5510204081632653,primary,single_ancestor
1869_pierotti,1875_unknown_2,10,49,0.20408163265306123,hidden,single_ancestor
1869_pierotti,1875_unknown,32,43,0.7441860465116279,primary,single_ancestor
1872_wolff,1875_unknown,3,43,0.06976744186046512,hidden,single_ancestor
18--_unknown,187-_hughes,3,23,0.13043478260869565,hidden,single_ancestor
1856_stanley,187-_hughes,10,23,0.43478260869565216,hidden,single_ancestor
1846_vandevelde_G,1876_kiepert_G,5,285,0.017543859649122806,hidden,single_ancestor
1860_pierotti,1876_kiepert_G,6,285,0.021052631578947368,hidden,single_ancestor
1863_pierotti,1876_kiepert_G,3,285,0.010526315789473684,hidden,single_ancestor
1865_wilson_G,1876_kiepert_G,55,285,0.19298245614035087,secondary,single_ancestor
1866_weller,1876_kiepert_G,90,285,0.3157894736842105,secondary,single_ancestor
1869_pierotti,1876_kiepert_G,4,285,0.014035087719298246,hidden,single_ancestor
1871_howe,1876_kiepert_G,4,285,0.014035087719298246,hidden,single_ancestor
1875_weller,1876_kiepert_G,13,285,0.0456140350877193,hidden,single_ancestor
1845_williams,1876_unknown,4,126,0.031746031746031744,hidden,single_ancestor
1860_pierotti,1876_unknown,18,126,0.14285714285714285,hidden,single_ancestor
1871_howe,1876_unknown,5,126,0.03968253968253968,hidden,single_ancestor
1874_unknown,1876_unknown,79,126,0.626984126984127,primary,single_ancestor
1823_westphal,1876_ancessi,4,102,0.0392156862745098,hidden,single_ancestor
1835_catherwood_G,1876_ancessi,5,102,0.049019607843137254,hidden,single_ancestor
1843_unknown,1876_ancessi,6,102,0.058823529411764705,hidden,single_ancestor
1845_kiepert,1876_ancessi,3,102,0.029411764705882353,hidden,single_ancestor
1854_unknown,1876_ancessi,13,102,0.12745098039215685,hidden,single_ancestor
1854_unknown_2,1876_ancessi,33,102,0.3235294117647059,secondary,single_ancestor
1856_warburton,1876_ancessi,3,102,0.029411764705882353,hidden,single_ancestor
1856_kiepert,1876_ancessi,3,102,0.029411764705882353,hidden,single_ancestor
1856_unknown_2,1876_ancessi,3,102,0.029411764705882353,hidden,single_ancestor
1860_bartholomew,1876_ancessi,8,102,0.0784313725490196,hidden,single_ancestor
1862_johnson,1876_ancessi,6,102,0.058823529411764705,hidden,single_ancestor
1856_barclay,1876_zimmermann,4,47,0.0851063829787234,hidden,single_ancestor
1866_weller,1876_zimmermann,7,47,0.14893617021276595,hidden,single_ancestor
1875_weller,1876_zimmermann,29,47,0.6170212765957447,primary,single_ancestor
1876_kiepert_G,1876_zimmermann,5,47,0.10638297872340426,hidden,single_ancestor
1840_renner,1877_gatt,19,162,0.11728395061728394,hidden,single_ancestor
1843_unknown,1877_gatt,4,162,0.024691358024691357,hidden,single_ancestor
1851_unknown,1877_gatt,15,162,0.09259259259259259,hidden,single_ancestor
1852_vandevelde_G,1877_gatt,15,162,0.09259259259259259,hidden,single_ancestor
1856_warburton,1877_gatt,11,162,0.06790123456790123,hidden,single_ancestor
1856_unknown_2,1877_gatt,7,162,0.043209876543209874,hidden,single_ancestor
1863_pierotti,1877_gatt,5,162,0.030864197530864196,hidden,single_ancestor
1866_weller,1877_gatt,10,162,0.06172839506172839,hidden,single_ancestor
1873_rawson,1877_gatt,3,162,0.018518518518518517,hidden,single_ancestor
1876_kiepert_G,1877_gatt,6,162,0.037037037037037035,hidden,single_ancestor
1835_catherwood_G,1877_unknown,5,153,0.032679738562091505,hidden,single_ancestor
1846_vandevelde_G,1877_unknown,12,153,0.0784313725490196,hidden,single_ancestor
1852_lange,1877_unknown,10,153,0.06535947712418301,hidden,single_ancestor
1855_pierotti,1877_unknown,4,153,0.026143790849673203,hidden,single_ancestor
1858_vandevelde,1877_unknown,5,153,0.032679738562091505,hidden,single_ancestor
1859_unknown,1877_unknown,4,153,0.026143790849673203,hidden,single_ancestor
1860_bartholomew,1877_unknown,4,153,0.026143790849673203,hidden,single_ancestor
1861_lionnet,1877_unknown,49,153,0.3202614379084967,secondary,single_ancestor
1865_riess,1877_unknown,29,153,0.1895424836601307,secondary,single_ancestor
1866_gelis,1877_unknown,3,153,0.0196078431372549,hidden,single_ancestor
1866_vandevelde,1877_unknown,7,153,0.0457516339869281,hidden,single_ancestor
1845_tobler,1878_unknown,3,130,0.023076923076923078,hidden,single_ancestor
1846_vandevelde_G,1878_unknown,5,130,0.038461538461538464,hidden,single_ancestor
1853_zimpel,1878_unknown,37,130,0.2846153846153846,secondary,single_ancestor
18--_unknown,1878_unknown,10,130,0.07692307692307693,hidden,single_ancestor
1859_unknown,1878_unknown,5,130,0.038461538461538464,hidden,single_ancestor
1865_riess,1878_unknown,18,130,0.13846153846153847,hidden,single_ancestor
1874_unknown,1878_unknown,5,130,0.038461538461538464,hidden,single_ancestor
1876_kiepert_G,1878_unknown,4,130,0.03076923076923077,hidden,single_ancestor
1877_unknown,1878_unknown,9,130,0.06923076923076923,hidden,single_ancestor
1865_riess,1879_unknown,6,130,0.046153846153846156,hidden,single_ancestor
1866_weller,1879_unknown,10,130,0.07692307692307693,hidden,single_ancestor
1874_unknown,1879_unknown,29,130,0.2230769230769231,secondary,single_ancestor
1876_kiepert_G,1879_unknown,57,130,0.43846153846153846,secondary,single_ancestor
1876_unknown,1879_unknown,7,130,0.05384615384615385,hidden,single_ancestor
1854_unknown,1879_conder,5,44,0.11363636363636363,hidden,single_ancestor
1859_saintine,1879_conder,3,44,0.06818181818181818,hidden,single_ancestor
1873_conder,1879_conder,7,44,0.1590909090909091,hidden,single_ancestor
1876_kiepert_G,1879_conder,19,44,0.4318181818181818,secondary,single_ancestor
1856_barclay,1880_kiepert,3,59,0.05084745762711865,hidden,single_ancestor
1866_weller,1880_kiepert,39,59,0.6610169491525424,primary,single_ancestor
1866_unknown,1880_kiepert,8,59,0.13559322033898305,hidden,single_ancestor
1875_weller,1880_kiepert,5,59,0.0847457627118644,hidden,single_ancestor
1876_kiepert_G,1880_kiepert,3,59,0.05084745762711865,hidden,single_ancestor
1856_barclay,1881_unknown,6,115,0.05217391304347826,hidden,single_ancestor
1866_weller,1881_unknown,21,115,0.1826086956521739,secondary,single_ancestor
1871_howe,1881_unknown,7,115,0.06086956521739131,hidden,single_ancestor
1869_pierotti_2,1881_unknown,4,115,0.034782608695652174,hidden,single_ancestor
1876_kiepert_G,1881_unknown,61,115,0.5304347826086957,primary,single_ancestor
1879_unknown,1881_unknown,4,115,0.034782608695652174,hidden,single_ancestor
1860_pierotti_2,1881_pierotti,3,113,0.02654867256637168,hidden,single_ancestor
1863_pierotti,1881_pierotti,10,113,0.08849557522123894,hidden,single_ancestor
1866_weller,1881_pierotti,3,113,0.02654867256637168,hidden,single_ancestor
1866_gelis,1881_pierotti,4,113,0.035398230088495575,hidden,single_ancestor
1869_pierotti,1881_pierotti,6,113,0.05309734513274336,hidden,single_ancestor
1869_pierotti_2,1881_pierotti,68,113,0.6017699115044248,primary,single_ancestor
1877_unknown,1881_pierotti,3,113,0.02654867256637168,hidden,single_ancestor
1866_weller,1881_guerin,5,41,0.12195121951219512,hidden,single_ancestor
1875_weller,1881_guerin,30,41,0.7317073170731707,primary,single_ancestor
1846_vandevelde_G,1881_magnenat-gloor,36,79,0.45569620253164556,secondary,single_ancestor
18--_unknown,1881_magnenat-gloor,7,79,0.08860759493670886,hidden,single_ancestor
1858_vandevelde,1881_magnenat-gloor,3,79,0.0379746835443038,hidden,single_ancestor
1865_riess,1881_magnenat-gloor,5,79,0.06329113924050633,hidden,single_ancestor
1866_vandevelde,1881_magnenat-gloor,3,79,0.0379746835443038,hidden,single_ancestor
1878_unknown,1881_magnenat-gloor,4,79,0.05063291139240506,hidden,single_ancestor
1866_weller,1882_thuillier,5,93,0.053763440860215055,hidden,single_ancestor
1875_weller,1882_thuillier,16,93,0.17204301075268819,secondary,single_ancestor
1876_kiepert_G,1882_thuillier,67,93,0.7204301075268817,primary,single_ancestor
1865_wilson_G,1882_guthe,3,100,0.03,hidden,single_ancestor
1866_weller,1882_guthe,6,100,0.06,hidden,single_ancestor
1875_weller,1882_guthe,68,100,0.68,primary,single_ancestor
1876_kiepert_G,1882_guthe,18,100,0.18,secondary,single_ancestor
1823_westphal,1882_house_G,5,97,0.05154639175257732,hidden,single_ancestor
1846_vandevelde_G,1882_house_G,3,97,0.030927835051546393,hidden,single_ancestor
1852_lange,1882_house_G,27,97,0.27835051546391754,secondary,single_ancestor
1859_unknown,1882_house_G,16,97,0.16494845360824742,secondary,single_ancestor
1861_lionnet,1882_house_G,4,97,0.041237113402061855,hidden,single_ancestor
1866_vandevelde,1882_house_G,4,97,0.041237113402061855,hidden,single_ancestor
1877_unknown,1882_house_G,10,97,0.10309278350515463,hidden,single_ancestor
1878_unknown,1882_house_G,9,97,0.09278350515463918,hidden,single_ancestor
1844_unknown,1882_unknown_2,9,87,0.10344827586206896,hidden,single_ancestor
1854_unknown,1882_unknown_2,4,87,0.04597701149425287,hidden,single_ancestor
1864_pierotti,1882_unknown_2,11,87,0.12643678160919541,hidden,single_ancestor
1873_rawson,1882_unknown_2,16,87,0.1839080459770115,secondary,single_ancestor
1878_unknown,1882_unknown_2,9,87,0.10344827586206896,hidden,single_ancestor
1866_weller,1882_unknown,46,72,0.6388888888888888,primary,single_ancestor
1871_howe,1882_unknown,13,72,0.18055555555555555,hidden,single_ancestor
1881_unknown,1882_unknown,8,72,0.1111111111111111,hidden,single_ancestor
1880_kiepert,1883_sandreczki,3,3,1.0,hidden,single_ancestor
1856_barclay,1884_perron,3,159,0.018867924528301886,hidden,single_ancestor
1863_pierotti,1884_perron,3,159,0.018867924528301886,hidden,single_ancestor
1866_weller,1884_perron,28,159,0.1761006289308176,secondary,single_ancestor
1871_howe,1884_perron,12,159,0.07547169811320754,hidden,single_ancestor
1876_kiepert_G,1884_perron,83,159,0.5220125786163522,primary,single_ancestor
1881_unknown,1884_perron,5,159,0.031446540880503145,hidden,single_ancestor
1882_thuillier,1884_perron,3,159,0.018867924528301886,hidden,single_ancestor
1882_guthe,1884_perron,4,159,0.025157232704402517,hidden,single_ancestor
1865_wilson_G,188-_unknown,15,177,0.0847457627118644,hidden,single_ancestor
1866_weller,188-_unknown,21,177,0.11864406779661017,hidden,single_ancestor
1875_weller,188-_unknown,5,177,0.02824858757062147,hidden,single_ancestor
1876_kiepert_G,188-_unknown,109,177,0.615819209039548,primary,single_ancestor
1846_vandevelde_G,1885_barkdull,3,101,0.0297029702970297,hidden,single_ancestor
1852_lange,1885_barkdull,4,101,0.039603960396039604,hidden,single_ancestor
1876_kiepert_G,1885_barkdull,3,101,0.0297029702970297,hidden,single_ancestor
1882_house_G,1885_barkdull,82,101,0.8118811881188119,primary,single_ancestor
1863_pierotti,1885_muret,6,101,0.0594059405940594,hidden,single_ancestor
1866_weller,1885_muret,5,101,0.04950495049504951,hidden,single_ancestor
1871_howe,1885_muret,6,101,0.0594059405940594,hidden,single_ancestor
1876_kiepert_G,1885_muret,50,101,0.49504950495049505,secondary,single_ancestor
1881_unknown,1885_muret,4,101,0.039603960396039604,hidden,single_ancestor
1884_perron,1885_muret,17,101,0.16831683168316833,secondary,single_ancestor
1873_conder,1885_unknown,4,31,0.12903225806451613,hidden,single_ancestor
1876_kiepert_G,1885_unknown,21,31,0.6774193548387096,primary,single_ancestor
1865_wilson_G,1886_nicole,48,205,0.23414634146341465,secondary,single_ancestor
1866_weller,1886_nicole,15,205,0.07317073170731707,hidden,single_ancestor
1871_howe,1886_nicole,5,205,0.024390243902439025,hidden,single_ancestor
1876_kiepert_G,1886_nicole,107,205,0.5219512195121951,primary,single_ancestor
1884_perron,1886_nicole,4,205,0.01951219512195122,hidden,single_ancestor
188-_unknown,1886_nicole,6,205,0.02926829268292683,hidden,single_ancestor
1885_muret,1886_nicole,3,205,0.014634146341463415,hidden,single_ancestor
1866_unknown,1886_PEF,22,41,0.5365853658536586,primary,single_ancestor
1875_weller,1886_PEF,4,41,0.0975609756097561,hidden,single_ancestor
1876_kiepert_G,1886_PEF,4,41,0.0975609756097561,hidden,single_ancestor
1875_weller,1887_hurlbut,66,97,0.6804123711340206,primary,single_ancestor
1876_kiepert_G,1887_hurlbut,19,97,0.1958762886597938,secondary,single_ancestor
1884_perron,1887_hurlbut,7,97,0.07216494845360824,hidden,single_ancestor
1886_nicole,1887_hurlbut,3,97,0.030927835051546393,hidden,single_ancestor
1866_weller,1887_unknown,59,90,0.6555555555555556,primary,single_ancestor
1876_kiepert_G,1887_unknown,13,90,0.14444444444444443,hidden,single_ancestor
1881_unknown,1887_unknown,5,90,0.05555555555555555,hidden,single_ancestor
188-_unknown,1887_unknown,6,90,0.06666666666666667,hidden,single_ancestor
1876_kiepert_G,1887_riess,58,74,0.7837837837837838,primary,single_ancestor
1879_unknown,1887_riess,7,74,0.0945945945945946,hidden,single_ancestor
1886_nicole,1887_riess,4,74,0.05405405405405406,hidden,single_ancestor
1860_pierotti,1887_unknown_2,3,47,0.06382978723404255,hidden,single_ancestor
1863_gelis,1887_unknown_2,37,47,0.7872340425531915,primary,single_ancestor
1841_kiepert_G,1888_pierotti,3,277,0.010830324909747292,hidden,single_ancestor
1846_vandevelde_G,1888_pierotti,5,277,0.018050541516245487,hidden,single_ancestor
1856_warburton,1888_pierotti,4,277,0.01444043321299639,hidden,single_ancestor
1864_pierotti,1888_pierotti,7,277,0.02527075812274368,hidden,single_ancestor
1865_wilson_G,1888_pierotti,6,277,0.021660649819494584,hidden,single_ancestor
1869_pierotti,1888_pierotti,10,277,0.036101083032490974,hidden,single_ancestor
1871_howe,1888_pierotti,8,277,0.02888086642599278,hidden,single_ancestor
1876_kiepert_G,1888_pierotti,148,277,0.5342960288808665,primary,single_ancestor
1879_unknown,1888_pierotti,7,277,0.02527075812274368,hidden,single_ancestor
1884_perron,1888_pierotti,3,277,0.010830324909747292,hidden,single_ancestor
188-_unknown,1888_pierotti,8,277,0.02888086642599278,hidden,single_ancestor
1886_nicole,1888_pierotti,19,277,0.06859205776173286,hidden,single_ancestor
1854_unknown,1888_pierotti_2,3,159,0.018867924528301886,hidden,single_ancestor
1860_bartholomew,1888_pierotti_2,3,159,0.018867924528301886,hidden,single_ancestor
1860_pierotti,1888_pierotti_2,10,159,0.06289308176100629,hidden,single_ancestor
1860_pierotti_2,1888_pierotti_2,3,159,0.018867924528301886,hidden,single_ancestor
1863_pierotti,1888_pierotti_2,7,159,0.0440251572327044,hidden,single_ancestor
1864_pierotti,1888_pierotti_2,16,159,0.10062893081761007,hidden,single_ancestor
1866_weller,1888_pierotti_2,3,159,0.018867924528301886,hidden,single_ancestor
1869_pierotti,1888_pierotti_2,85,159,0.5345911949685535,primary,single_ancestor
1876_kiepert_G,1888_pierotti_2,14,159,0.0880503144654088,hidden,single_ancestor
1841_aldrich_symonds,1888_temple,7,93,0.07526881720430108,hidden,single_ancestor
1846_vandevelde_G,1888_temple,38,93,0.40860215053763443,secondary,single_ancestor
1865_riess,1888_temple,3,93,0.03225806451612903,hidden,single_ancestor
1865_fehr,1888_temple,6,93,0.06451612903225806,hidden,single_ancestor
1866_vandevelde,1888_temple,4,93,0.043010752688172046,hidden,single_ancestor
1876_kiepert_G,1888_temple,3,93,0.03225806451612903,hidden,single_ancestor
1884_perron,1888_temple,10,93,0.10752688172043011,hidden,single_ancestor
1866_weller,1888_nicole,17,22,0.7727272727272727,primary,single_ancestor
1880_kiepert,1888_unknown,21,33,0.6363636363636364,primary,single_ancestor
1888_pierotti_2,1888_unknown,4,33,0.12121212121212122,hidden,single_ancestor
1866_weller,1889_ruze,29,46,0.6304347826086957,primary,single_ancestor
1866_unknown,1889_ruze,6,46,0.13043478260869565,hidden,single_ancestor
1866_weller,1890_unknown,10,111,0.09009009009009009,hidden,single_ancestor
1875_weller,1890_unknown,20,111,0.18018018018018017,secondary,single_ancestor
1884_perron,1890_unknown,3,111,0.02702702702702703,hidden,single_ancestor
1886_nicole,1890_unknown,63,111,0.5675675675675675,primary,single_ancestor
1888_pierotti,1890_unknown,8,111,0.07207207207207207,hidden,single_ancestor
1866_weller,1891_unknown,4,121,0.03305785123966942,hidden,single_ancestor
1873_rawson,1891_unknown,3,121,0.024793388429752067,hidden,single_ancestor
1874_unknown,1891_unknown,3,121,0.024793388429752067,hidden,single_ancestor
1876_kiepert_G,1891_unknown,21,121,0.17355371900826447,secondary,single_ancestor
1876_unknown,1891_unknown,4,121,0.03305785123966942,hidden,single_ancestor
1879_unknown,1891_unknown,70,121,0.5785123966942148,primary,single_ancestor
1884_perron,1891_unknown,9,121,0.0743801652892562,hidden,single_ancestor
1885_muret,1891_unknown,3,121,0.024793388429752067,hidden,single_ancestor
1866_weller,1893_unknown,6,54,0.1111111111111111,hidden,single_ancestor
1875_weller,1893_unknown,44,54,0.8148148148148148,primary,single_ancestor
1886_nicole,1893_unknown,3,54,0.05555555555555555,hidden,single_ancestor
1887_unknown,1893_nicole,29,39,0.7435897435897436,primary,single_ancestor
1887_hurlbut,1893_nicole,7,39,0.1794871794871795,hidden,single_ancestor
1841_aldrich_symonds,1893_unknown_2,53,74,0.7162162162162162,primary,single_ancestor
1846_vandevelde_G,1893_unknown_2,3,74,0.04054054054054054,hidden,single_ancestor
1852_lange,1893_unknown_2,4,74,0.05405405405405406,hidden,single_ancestor
1858_vandevelde,1893_unknown_2,3,74,0.04054054054054054,hidden,single_ancestor
1877_unknown,1893_unknown_2,3,74,0.04054054054054054,hidden,single_ancestor
1852_lange,1894_schick,5,452,0.011061946902654867,hidden,single_ancestor
1865_wilson_G,1894_schick,65,452,0.14380530973451328,hidden,single_ancestor
1871_howe,1894_schick,3,452,0.00663716814159292,hidden,single_ancestor
1875_weller,1894_schick,10,452,0.022123893805309734,hidden,single_ancestor
1876_kiepert_G,1894_schick,181,452,0.4004424778761062,secondary,single_ancestor
188-_unknown,1894_schick,12,452,0.02654867256637168,hidden,single_ancestor
1886_nicole,1894_schick,23,452,0.05088495575221239,hidden,single_ancestor
1888_pierotti,1894_schick,15,452,0.033185840707964605,hidden,single_ancestor
1863_pierotti,1895_unknown_2,3,282,0.010638297872340425,hidden,single_ancestor
1876_kiepert_G,1895_unknown_2,170,282,0.6028368794326241,primary,single_ancestor
1884_perron,1895_unknown_2,6,282,0.02127659574468085,hidden,single_ancestor
188-_unknown,1895_unknown_2,11,282,0.03900709219858156,hidden,single_ancestor
1886_nicole,1895_unknown_2,8,282,0.028368794326241134,hidden,single_ancestor
1888_pierotti,1895_unknown_2,17,282,0.06028368794326241,hidden,single_ancestor
1888_pierotti_2,1895_unknown_2,3,282,0.010638297872340425,hidden,single_ancestor
1891_unknown,1895_unknown_2,3,282,0.010638297872340425,hidden,single_ancestor
1894_schick,1895_unknown_2,38,282,0.1347517730496454,hidden,single_ancestor
1866_weller,189-_unknown_2,16,157,0.10191082802547771,hidden,single_ancestor
1871_howe,189-_unknown_2,4,157,0.025477707006369428,hidden,single_ancestor
1876_kiepert_G,189-_unknown_2,27,157,0.17197452229299362,secondary,single_ancestor
1884_perron,189-_unknown_2,4,157,0.025477707006369428,hidden,single_ancestor
1894_schick,189-_unknown_2,99,157,0.6305732484076433,primary,single_ancestor
1876_kiepert_G,189-_unknown,53,90,0.5888888888888889,primary,single_ancestor
1886_nicole,189-_unknown,6,90,0.06666666666666667,hidden,single_ancestor
1894_schick,189-_unknown,7,90,0.07777777777777778,hidden,single_ancestor
189-_unknown_2,189-_unknown,14,90,0.15555555555555556,hidden,single_ancestor
1876_kiepert_G,1895_riess,15,89,0.16853932584269662,secondary,single_ancestor
1879_unknown,1895_riess,4,89,0.0449438202247191,hidden,single_ancestor
189-_unknown_2,1895_riess,63,89,0.7078651685393258,primary,single_ancestor
1866_weller,1895_unknown,3,83,0.03614457831325301,hidden,single_ancestor
1876_kiepert_G,1895_unknown,50,83,0.6024096385542169,primary,single_ancestor
1884_perron,1895_unknown,6,83,0.07228915662650602,hidden,single_ancestor
1886_nicole,1895_unknown,12,83,0.14457831325301204,hidden,single_ancestor
189-_unknown_2,1895_unknown,3,83,0.03614457831325301,hidden,single_ancestor
1876_kiepert_G,1896_unknown,14,83,0.1686746987951807,hidden,single_ancestor
189-_unknown_2,1896_unknown,60,83,0.7228915662650602,primary,single_ancestor
1876_kiepert_G,1896_philip,10,70,0.14285714285714285,hidden,single_ancestor
1887_unknown,1896_philip,7,70,0.1,hidden,single_ancestor
189-_unknown_2,1896_philip,47,70,0.6714285714285714,primary,single_ancestor
1852_vandevelde_G,1897_unknown_G,24,71,0.3380281690140845,secondary,single_ancestor
1852_lange,1897_unknown_G,4,71,0.056338028169014086,hidden,single_ancestor
1874_unknown,1897_unknown_G,14,71,0.19718309859154928,hidden,single_ancestor
1877_gatt,1897_unknown_G,4,71,0.056338028169014086,hidden,single_ancestor
1879_unknown,1897_unknown_G,4,71,0.056338028169014086,hidden,single_ancestor
1822_richardson,1897_harris,6,43,0.13953488372093023,hidden,single_ancestor
1840_renner,1897_harris,5,43,0.11627906976744186,hidden,single_ancestor
1856_unknown_2,1897_harris,11,43,0.2558139534883721,hidden,single_ancestor
1877_gatt,1897_harris,3,43,0.06976744186046512,hidden,single_ancestor
1866_weller,1898_schneller,5,270,0.018518518518518517,hidden,single_ancestor
1876_kiepert_G,1898_schneller,34,270,0.1259259259259259,hidden,single_ancestor
1884_perron,1898_schneller,5,270,0.018518518518518517,hidden,single_ancestor
1886_nicole,1898_schneller,4,270,0.014814814814814815,hidden,single_ancestor
1888_pierotti,1898_schneller,5,270,0.018518518518518517,hidden,single_ancestor
1894_schick,1898_schneller,175,270,0.6481481481481481,primary,single_ancestor
1895_unknown_2,1898_schneller,12,270,0.044444444444444446,hidden,single_ancestor
1846_vandevelde_G,1899_unknown,84,134,0.6268656716417911,primary,single_ancestor
1861_mandrot,1899_unknown,7,134,0.05223880597014925,hidden,single_ancestor
1865_riess,1899_unknown,13,134,0.09701492537313433,hidden,single_ancestor
1866_vandevelde,1899_unknown,12,134,0.08955223880597014,hidden,single_ancestor
189-_unknown_2,1899_unknown,5,134,0.03731343283582089,hidden,single_ancestor
1846_vandevelde_G,1899_unknown_2,3,53,0.05660377358490566,hidden,single_ancestor
1885_muret,1899_unknown_2,33,53,0.6226415094339622,primary,single_ancestor
1887_unknown,1899_unknown_2,8,53,0.1509433962264151,hidden,single_ancestor
1866_weller,1899_unknown_3,4,43,0.09302325581395349,hidden,single_ancestor
1881_unknown,1899_unknown_3,8,43,0.18604651162790697,hidden,single_ancestor
189-_unknown_2,1899_unknown_3,29,43,0.6744186046511628,primary,single_ancestor
1865_wilson_G,1900_wilson_G,47,62,0.7580645161290323,primary,single_ancestor
1875_weller,1900_wilson_G,5,62,0.08064516129032258,hidden,single_ancestor
189-_unknown_2,1900_wilson_G,8,62,0.12903225806451613,hidden,single_ancestor
1876_kiepert_G,1901_unknown,38,238,0.15966386554621848,secondary,single_ancestor
1886_nicole,1901_unknown,5,238,0.02100840336134454,hidden,single_ancestor
1894_schick,1901_unknown,140,238,0.5882352941176471,primary,single_ancestor
1895_unknown_2,1901_unknown,18,238,0.07563025210084033,hidden,single_ancestor
1876_kiepert_G,1902_unknown,19,112,0.16964285714285715,secondary,single_ancestor
1884_perron,1902_unknown,3,112,0.026785714285714284,hidden,single_ancestor
188-_unknown,1902_unknown,7,112,0.0625,hidden,single_ancestor
1886_nicole,1902_unknown,4,112,0.03571428571428571,hidden,single_ancestor
189-_unknown_2,1902_unknown,65,112,0.5803571428571429,primary,single_ancestor
1895_unknown_2,1902_unknown,5,112,0.044642857142857144,hidden,single_ancestor
1875_weller,1903_unknown,10,134,0.07462686567164178,hidden,single_ancestor
1876_kiepert_G,1903_unknown,22,134,0.16417910447761194,secondary,single_ancestor
1884_perron,1903_unknown,3,134,0.022388059701492536,hidden,single_ancestor
189-_unknown_2,1903_unknown,90,134,0.6716417910447762,primary,single_ancestor
1901_unknown,1903_unknown,5,134,0.03731343283582089,hidden,single_ancestor
1876_kiepert_G,1904_kuemmel,5,75,0.06666666666666667,hidden,single_ancestor
1894_schick,1904_kuemmel,54,75,0.72,primary,single_ancestor
189-_unknown_2,1904_kuemmel,11,75,0.14666666666666667,hidden,single_ancestor
1866_weller,1904_unknown,8,111,0.07207207207207207,hidden,single_ancestor
1894_schick,1904_unknown,7,111,0.06306306306306306,hidden,single_ancestor
189-_unknown_2,1904_unknown,87,111,0.7837837837837838,primary,single_ancestor
1865_wilson_G,1905_schick,3,438,0.00684931506849315,hidden,single_ancestor
1876_kiepert_G,1905_schick,14,438,0.0319634703196347,hidden,single_ancestor
1884_perron,1905_schick,3,438,0.00684931506849315,hidden,single_ancestor
1886_nicole,1905_schick,3,438,0.00684931506849315,hidden,single_ancestor
1894_schick,1905_schick,319,438,0.728310502283105,primary,single_ancestor
1895_unknown_2,1905_schick,3,438,0.00684931506849315,hidden,single_ancestor
1898_schneller,1905_schick,33,438,0.07534246575342465,hidden,single_ancestor
1901_unknown,1905_schick,4,438,0.0091324200913242,hidden,single_ancestor
1866_gelis,1905_unknown,4,92,0.043478260869565216,hidden,single_ancestor
1876_kiepert_G,1905_unknown,7,92,0.07608695652173914,hidden,single_ancestor
1884_perron,1905_unknown,4,92,0.043478260869565216,hidden,single_ancestor
189-_unknown_2,1905_unknown,53,92,0.5760869565217391,primary,single_ancestor
1903_unknown,1905_unknown,8,92,0.08695652173913043,hidden,single_ancestor
1904_unknown,1905_unknown,4,92,0.043478260869565216,hidden,single_ancestor
1841_kiepert_G,1906_hanauer,3,423,0.0070921985815602835,hidden,single_ancestor
1846_vandevelde_G,1906_hanauer,5,423,0.01182033096926714,hidden,single_ancestor
1865_riess,1906_hanauer,3,423,0.0070921985815602835,hidden,single_ancestor
1876_kiepert_G,1906_hanauer,25,423,0.0591016548463357,hidden,single_ancestor
188-_unknown,1906_hanauer,5,423,0.01182033096926714,hidden,single_ancestor
1888_pierotti,1906_hanauer,9,423,0.02127659574468085,hidden,single_ancestor
1894_schick,1906_hanauer,271,423,0.640661938534279,primary,single_ancestor
1895_unknown_2,1906_hanauer,6,423,0.014184397163120567,hidden,single_ancestor
1898_schneller,1906_hanauer,8,423,0.018912529550827423,hidden,single_ancestor
1901_unknown,1906_hanauer,3,423,0.0070921985815602835,hidden,single_ancestor
1905_schick,1906_hanauer,39,423,0.09219858156028368,hidden,single_ancestor
189-_unknown_2,1906_unknown,59,91,0.6483516483516484,primary,single_ancestor
189-_unknown,1906_unknown,11,91,0.12087912087912088,hidden,single_ancestor
1906_hanauer,1906_unknown,17,91,0.18681318681318682,secondary,single_ancestor
1876_kiepert_G,1907_unknown_2,39,241,0.16182572614107885,secondary,single_ancestor
188-_unknown,1907_unknown_2,3,241,0.012448132780082987,hidden,single_ancestor
1886_nicole,1907_unknown_2,6,241,0.024896265560165973,hidden,single_ancestor
1888_pierotti,1907_unknown_2,4,241,0.016597510373443983,hidden,single_ancestor
1894_schick,1907_unknown_2,137,241,0.5684647302904564,primary,single_ancestor
189-_unknown_2,1907_unknown_2,3,241,0.012448132780082987,hidden,single_ancestor
1895_unknown_2,1907_unknown_2,25,241,0.1037344398340249,hidden,single_ancestor
1901_unknown,1907_unknown_2,3,241,0.012448132780082987,hidden,single_ancestor
1905_schick,1907_unknown_2,3,241,0.012448132780082987,hidden,single_ancestor
1906_hanauer,1907_unknown_2,4,241,0.016597510373443983,hidden,single_ancestor
1863_pierotti,1907_unknown_4,3,107,0.028037383177570093,hidden,single_ancestor
1866_weller,1907_unknown_4,3,107,0.028037383177570093,hidden,single_ancestor
1876_kiepert_G,1907_unknown_4,21,107,0.19626168224299065,secondary,single_ancestor
1906_hanauer,1907_unknown_4,5,107,0.04672897196261682,hidden,single_ancestor
1906_unknown,1907_unknown_4,64,107,0.5981308411214953,primary,single_ancestor
1859_saintine,1907_unknown_3,3,94,0.031914893617021274,hidden,single_ancestor
1864_pierotti,1907_unknown_3,7,94,0.07446808510638298,hidden,single_ancestor
189-_unknown_2,1907_unknown_3,44,94,0.46808510638297873,secondary,single_ancestor
1907_unknown_2,1907_unknown_3,6,94,0.06382978723404255,hidden,single_ancestor
1895_unknown,1907_unknown_3,12,94,0.1276595744680851,hidden,single_ancestor
1866_weller,1907_unknown,7,54,0.12962962962962962,hidden,single_ancestor
189-_unknown_2,1907_unknown,42,54,0.7777777777777778,primary,single_ancestor
1846_vandevelde_G,1911_vincent,7,523,0.01338432122370937,hidden,single_ancestor
1874_unknown,1911_vincent,11,523,0.021032504780114723,hidden,single_ancestor
1876_kiepert_G,1911_vincent,12,523,0.022944550669216062,hidden,single_ancestor
1877_gatt,1911_vincent,8,523,0.015296367112810707,hidden,single_ancestor
1884_perron,1911_vincent,3,523,0.0057361376673040155,hidden,single_ancestor
1888_pierotti,1911_vincent,13,523,0.0248565965583174,hidden,single_ancestor
1894_schick,1911_vincent,49,523,0.09369024856596558,hidden,single_ancestor
1898_schneller,1911_vincent,12,523,0.022944550669216062,hidden,single_ancestor
1901_unknown,1911_vincent,6,523,0.011472275334608031,hidden,single_ancestor
1905_schick,1911_vincent,229,523,0.4378585086042065,secondary,single_ancestor
1906_hanauer,1911_vincent,28,523,0.05353728489483748,hidden,single_ancestor
1882_unknown_2,1911_vincent,6,523,0.011472275334608031,hidden,single_ancestor
1846_vandevelde_G,1912_vincent,9,531,0.01694915254237288,hidden,single_ancestor
1876_kiepert_G,1912_vincent,5,531,0.009416195856873822,hidden,single_ancestor
1881_unknown,1912_vincent,4,531,0.007532956685499058,hidden,single_ancestor
1888_pierotti,1912_vincent,3,531,0.005649717514124294,hidden,single_ancestor
1894_schick,1912_vincent,11,531,0.02071563088512241,hidden,single_ancestor
1895_unknown_2,1912_vincent,5,531,0.009416195856873822,hidden,single_ancestor
1898_schneller,1912_vincent,6,531,0.011299435028248588,hidden,single_ancestor
1901_unknown,1912_vincent,3,531,0.005649717514124294,hidden,single_ancestor
1905_schick,1912_vincent,31,531,0.0583804143126177,hidden,single_ancestor
1906_hanauer,1912_vincent,4,531,0.007532956685499058,hidden,single_ancestor
1911_vincent,1912_vincent,414,531,0.7796610169491526,primary,single_ancestor
1846_vandevelde_G,1912_unknown,4,296,0.013513513513513514,hidden,single_ancestor
18--_unknown,1912_unknown,5,296,0.016891891891891893,hidden,single_ancestor
1859_saintine_2,1912_unknown,4,296,0.013513513513513514,hidden,single_ancestor
1876_kiepert_G,1912_unknown,151,296,0.5101351351351351,primary,single_ancestor
1885_barkdull,1912_unknown,3,296,0.010135135135135136,hidden,single_ancestor
1888_pierotti,1912_unknown,6,296,0.02027027027027027,hidden,single_ancestor
1894_schick,1912_unknown,14,296,0.0472972972972973,hidden,single_ancestor
1895_unknown_2,1912_unknown,29,296,0.09797297297297297,hidden,single_ancestor
1901_unknown,1912_unknown,7,296,0.02364864864864865,hidden,single_ancestor
1906_hanauer,1912_unknown,6,296,0.02027027027027027,hidden,single_ancestor
1911_vincent,1912_unknown,25,296,0.08445945945945946,hidden,single_ancestor
1884_perron,1912_conder,9,148,0.060810810810810814,hidden,single_ancestor
1894_schick,1912_conder,9,148,0.060810810810810814,hidden,single_ancestor
189-_unknown_2,1912_conder,30,148,0.20270270270270271,secondary,single_ancestor
1898_schneller,1912_conder,89,148,0.6013513513513513,primary,single_ancestor
1901_unknown,1912_conder,3,148,0.02027027027027027,hidden,single_ancestor
1906_hanauer,1912_conder,4,148,0.02702702702702703,hidden,single_ancestor
189-_unknown_2,1912_ruze_G,47,57,0.8245614035087719,primary,single_ancestor
1907_unknown_2,1912_ruze_G,7,57,0.12280701754385964,hidden,single_ancestor
1876_kiepert_G,1913_unknown,28,135,0.2074074074074074,secondary,single_ancestor
1905_schick,1913_unknown,67,135,0.4962962962962963,secondary,single_ancestor
1907_unknown_2,1913_unknown,6,135,0.044444444444444446,hidden,single_ancestor
1907_unknown_4,1913_unknown,4,135,0.02962962962962963,hidden,single_ancestor
1907_unknown_3,1913_unknown,11,135,0.08148148148148149,hidden,single_ancestor
1912_conder,1913_unknown,11,135,0.08148148148148149,hidden,single_ancestor
1871_howe,1915_unknown,3,130,0.023076923076923078,hidden,single_ancestor
1876_kiepert_G,1915_unknown,4,130,0.03076923076923077,hidden,single_ancestor
1894_schick,1915_unknown,5,130,0.038461538461538464,hidden,single_ancestor
189-_unknown_2,1915_unknown,81,130,0.6230769230769231,primary,single_ancestor
1907_unknown_2,1915_unknown,18,130,0.13846153846153847,hidden,single_ancestor
1842_bartlett_G,1915_unknown_2,28,75,0.37333333333333335,secondary,single_ancestor
1845_williams,1915_unknown_2,4,75,0.05333333333333334,hidden,single_ancestor
1854_unknown,1915_unknown_2,14,75,0.18666666666666668,hidden,single_ancestor
1856_warburton,1915_unknown_2,4,75,0.05333333333333334,hidden,single_ancestor
1876_unknown,1915_unknown_2,5,75,0.06666666666666667,hidden,single_ancestor
1876_ancessi,1915_unknown_2,7,75,0.09333333333333334,hidden,single_ancestor
1876_kiepert_G,1917_surveyOfEgypt_G,14,458,0.03056768558951965,hidden,single_ancestor
1888_pierotti,1917_surveyOfEgypt_G,3,458,0.006550218340611353,hidden,single_ancestor
1894_schick,1917_surveyOfEgypt_G,272,458,0.5938864628820961,primary,single_ancestor
1895_unknown_2,1917_surveyOfEgypt_G,8,458,0.017467248908296942,hidden,single_ancestor
1898_schneller,1917_surveyOfEgypt_G,4,458,0.008733624454148471,hidden,single_ancestor
1905_schick,1917_surveyOfEgypt_G,5,458,0.010917030567685589,hidden,single_ancestor
1906_hanauer,1917_surveyOfEgypt_G,53,458,0.11572052401746726,hidden,single_ancestor
1907_unknown_2,1917_surveyOfEgypt_G,8,458,0.017467248908296942,hidden,single_ancestor
1911_vincent,1917_surveyOfEgypt_G,53,458,0.11572052401746726,hidden,single_ancestor
1912_vincent,1917_surveyOfEgypt_G,5,458,0.010917030567685589,hidden,single_ancestor
1876_kiepert_G,1917_surveyOfEgypt_3,7,399,0.017543859649122806,hidden,single_ancestor
1888_pierotti,1917_surveyOfEgypt_3,5,399,0.012531328320802004,hidden,single_ancestor
1894_schick,1917_surveyOfEgypt_3,17,399,0.042606516290726815,hidden,single_ancestor
1905_schick,1917_surveyOfEgypt_3,11,399,0.02756892230576441,hidden,single_ancestor
1912_vincent,1917_surveyOfEgypt_3,4,399,0.010025062656641603,hidden,single_ancestor
1917_surveyOfEgypt_G,1917_surveyOfEgypt_3,330,399,0.8270676691729323,primary,single_ancestor
1907_unknown_4,1917_surveyOfEgypt_4,4,111,0.036036036036036036,hidden,single_ancestor
1917_surveyOfEgypt_G,1917_surveyOfEgypt_4,96,111,0.8648648648648649,primary,single_ancestor
1913_unknown,1917_surveyOfEgypt_4,5,111,0.04504504504504504,hidden,single_ancestor
1876_kiepert_G,1919_chagise,11,359,0.03064066852367688,hidden,single_ancestor
1884_perron,1919_chagise,4,359,0.011142061281337047,hidden,single_ancestor
1888_pierotti,1919_chagise,3,359,0.008356545961002786,hidden,single_ancestor
1894_schick,1919_chagise,32,359,0.08913649025069638,hidden,single_ancestor
1895_unknown_2,1919_chagise,3,359,0.008356545961002786,hidden,single_ancestor
1905_schick,1919_chagise,3,359,0.008356545961002786,hidden,single_ancestor
1906_hanauer,1919_chagise,7,359,0.019498607242339833,hidden,single_ancestor
1911_vincent,1919_chagise,9,359,0.025069637883008356,hidden,single_ancestor
1912_vincent,1919_chagise,58,359,0.1615598885793872,secondary,single_ancestor
1912_unknown,1919_chagise,9,359,0.025069637883008356,hidden,single_ancestor
1917_surveyOfEgypt_G,1919_chagise,177,359,0.49303621169916434,secondary,single_ancestor
1917_surveyOfEgypt_3,1919_chagise,6,359,0.016713091922005572,hidden,single_ancestor
1894_schick,1920_zionistcommission_G,394,522,0.7547892720306514,primary,single_ancestor
1895_unknown_2,1920_zionistcommission_G,6,522,0.011494252873563218,hidden,single_ancestor
1905_schick,1920_zionistcommission_G,57,522,0.10919540229885058,hidden,single_ancestor
1906_hanauer,1920_zionistcommission_G,6,522,0.011494252873563218,hidden,single_ancestor
1911_vincent,1920_zionistcommission_G,6,522,0.011494252873563218,hidden,single_ancestor
1917_surveyOfEgypt_G,1920_zionistcommission_G,38,522,0.07279693486590039,hidden,single_ancestor
1907_unknown_2,1922_palestineLandDevelopment_G,4,651,0.006144393241167435,hidden,single_ancestor
1911_vincent,1922_palestineLandDevelopment_G,9,651,0.013824884792626729,hidden,single_ancestor
1917_surveyOfEgypt_G,1922_palestineLandDevelopment_G,449,651,0.6897081413210445,primary,single_ancestor
1917_surveyOfEgypt_3,1922_palestineLandDevelopment_G,3,651,0.004608294930875576,hidden,single_ancestor
1920_zionistcommission_G,1922_palestineLandDevelopment_G,61,651,0.09370199692780339,hidden,single_ancestor
1866_weller,1923_hausermann,3,445,0.006741573033707865,hidden,single_ancestor
1876_kiepert_G,1923_hausermann,6,445,0.01348314606741573,hidden,single_ancestor
1906_hanauer,1923_hausermann,7,445,0.015730337078651686,hidden,single_ancestor
1911_vincent,1923_hausermann,10,445,0.02247191011235955,hidden,single_ancestor
1912_unknown,1923_hausermann,3,445,0.006741573033707865,hidden,single_ancestor
1917_surveyOfEgypt_G,1923_hausermann,18,445,0.04044943820224719,hidden,single_ancestor
1917_surveyOfEgypt_3,1923_hausermann,17,445,0.038202247191011236,hidden,single_ancestor
1920_zionistcommission_G,1923_hausermann,16,445,0.035955056179775284,hidden,single_ancestor
1922_palestineLandDevelopment_G,1923_hausermann,349,445,0.7842696629213484,primary,single_ancestor
1917_surveyOfEgypt_G,1923_hausermann_2,48,61,0.7868852459016393,primary,single_ancestor
1894_schick,1924_surveyOfEgypt_G,7,543,0.01289134438305709,hidden,single_ancestor
1905_schick,1924_surveyOfEgypt_G,16,543,0.029465930018416207,hidden,single_ancestor
1912_vincent,1924_surveyOfEgypt_G,9,543,0.016574585635359115,hidden,single_ancestor
1920_zionistcommission_G,1924_surveyOfEgypt_G,428,543,0.7882136279926335,primary,single_ancestor
1922_palestineLandDevelopment_G,1924_surveyOfEgypt_G,36,543,0.06629834254143646,hidden,single_ancestor
1919_chagise,1924_surveyOfEgypt_G,3,543,0.0055248618784530384,hidden,single_ancestor
1912_unknown,1924_cook,3,213,0.014084507042253521,hidden,single_ancestor
1920_zionistcommission_G,1924_cook,3,213,0.014084507042253521,hidden,single_ancestor
1922_palestineLandDevelopment_G,1924_cook,20,213,0.09389671361502347,hidden,single_ancestor
1924_surveyOfEgypt_G,1924_cook,152,213,0.7136150234741784,primary,single_ancestor
1923_hausermann,1924_cook,4,213,0.018779342723004695,hidden,single_ancestor
1894_schick,1925_monzon,3,406,0.007389162561576354,hidden,single_ancestor
1912_vincent,1925_monzon,15,406,0.03694581280788178,hidden,single_ancestor
1920_zionistcommission_G,1925_monzon,27,406,0.0665024630541872,hidden,single_ancestor
1922_palestineLandDevelopment_G,1925_monzon,20,406,0.04926108374384237,hidden,single_ancestor
1924_surveyOfEgypt_G,1925_monzon,314,406,0.7733990147783252,primary,single_ancestor
1920_zionistcommission_G,1925_americanColony,3,151,0.019867549668874173,hidden,single_ancestor
1922_palestineLandDevelopment_G,1925_americanColony,13,151,0.08609271523178808,hidden,single_ancestor
1924_surveyOfEgypt_G,1925_americanColony,122,151,0.8079470198675497,primary,single_ancestor
1923_hausermann,1925_americanColony,3,151,0.019867549668874173,hidden,single_ancestor
1846_vandevelde_G,19--_unknown,5,92,0.05434782608695652,hidden,single_ancestor
1865_fehr,19--_unknown,3,92,0.03260869565217391,hidden,single_ancestor
1879_unknown,19--_unknown,5,92,0.05434782608695652,hidden,single_ancestor
1881_magnenat-gloor,19--_unknown,3,92,0.03260869565217391,hidden,single_ancestor
1887_unknown,19--_unknown,4,92,0.043478260869565216,hidden,single_ancestor
1922_palestineLandDevelopment_G,19--_unknown,46,92,0.5,primary,single_ancestor
1924_surveyOfEgypt_G,19--_unknown,7,92,0.07608695652173914,hidden,single_ancestor
1860_pierotti,19--_frassi,4,48,0.08333333333333333,hidden,single_ancestor
1864_pierotti,19--_frassi,30,48,0.625,primary,single_ancestor
