locus_id,x,y
8_20,171669.73,1130360.35
8_21,171819.73,1130360.35
9_20,171669.73,1130510.35
9_21,171819.73,1130510.35
9_22,171969.73,1130510.35
10_19,171519.73,1130660.35
10_20,171669.73,1130660.35
10_21,171819.73,1130660.35
10_22,171969.73,1130660.35
10_23,172119.73,1130660.35
11_19,171519.73,1130810.35
11_20,171669.73,1130810.35
11_21,171819.73,1130810.35
11_22,171969.73,1130810.35
11_23,172119.73,1130810.35
11_24,172269.73,1130810.35
12_18,171369.73,1130960.35
12_19,171519.73,1130960.35
12_20,171669.73,1130960.35
12_21,171819.73,1130960.35
12_22,171969.73,1130960.35
12_23,172119.73,1130960.35
12_24,172269.73,1130960.35
12_25,172419.73,1130960.35
13_18,171369.73,1131110.35
13_19,171519.73,1131110.35
13_20,171669.73,1131110.35
13_21,171819.73,1131110.35
13_22,171969.73,1131110.35
13_23,172119.73,1131110.35
13_24,172269.73,1131110.35
13_25,172419.73,1131110.35
13_26,172569.73,1131110.35
14_17,171219.73,1131260.35
14_18,171369.73,1131260.35
14_19,171519.73,1131260.35
14_20,171669.73,1131260.35
14_21,171819.73,1131260.35
14_22,171969.73,1131260.35
14_23,172119.73,1131260.35
14_24,172269.73,1131260.35
14_25,172419.73,1131260.35
14_26,172569.73,1131260.35
14_27,172719.73,1131260.35
15_17,171219.73,1131410.35
15_18,171369.73,1131410.35
15_19,171519.73,1131410.35
15_20,171669.73,1131410.35
15_21,171819.73,1131410.35
15_22,171969.73,1131410.35
15_23,172119.73,1131410.35
15_24,172269.73,1131410.35
15_25,172419.73,1131410.35
15_26,172569.73,1131410.35
15_27,172719.73,1131410.35
15_28,172869.73,1131410.35
16_16,171069.73,1131560.35
16_17,171219.73,1131560.35
16_18,171369.73,1131560.35
16_19,171519.73,1131560.35
16_20,171669.73,1131560.35
16_21,171819.73,1131560.35
16_22,171969.73,1131560.35
16_23,172119.73,1131560.35
16_24,172269.73,1131560.35
16_25,172419.73,1131560.35
16_26,172569.73,1131560.35
16_27,172719.73,1131560.35
16_28,172869.73,1131560.35
16_29,173019.73,1131560.35
17_16,171069.73,1131710.35
17_17,171219.73,1131710.35
17_18,171369.73,1131710.35
17_19,171519.73,1131710.35
17_20,171669.73,1131710.35
17_21,171819.73,1131710.35
17_22,171969.73,1131710.35
17_23,172119.73,1131710.35
17_24,172269.73,1131710.35
17_25,172419.73,1131710.35
17_26,172569.73,1131710.35
17_27,172719.73,1131710.35
17_28,172869.73,1131710.35
17_29,173019.73,1131710.35
18_17,171219.73,1131860.35
18_18,171369.73,1131860.35
18_19,171519.73,1131860.35
18_20,171669.73,1131860.35
18_21,171819.73,1131860.35
18_22,171969.73,1131860.35
18_23,172119.73,1131860.35
18_24,172269.73,1131860.35
18_25,172419.73,1131860.35
18_26,172569.73,1131860.35
18_27,172719.73,1131860.35
18_28,172869.73,1131860.35
18_29,173019.73,1131860.35
19_18,171369.73,1132010.35
19_19,171519.73,1132010.35
19_20,171669.73,1132010.35
19_21,171819.73,1132010.35
19_22,171969.73,1132010.35
19_23,172119.73,1132010.35
19_24,172269.73,1132010.35
19_25,172419.73,1132010.35
19_26,172569.73,1132010.35
19_27,172719.73,1132010.35
19_28,172869.73,1132010.35
19_29,173019.73,1132010.35
20_19,171519.73,1132160.35
20_20,171669.73,1132160.35
20_21,171819.73,1132160.35
20_22,171969.73,1132160.35
20_23,172119.73,1132160.35
20_24,172269.73,1132160.35
20_25,172419.73,1132160.35
20_26,172569.73,1132160.35
20_27,172719.73,1132160.35
20_28,172869.73,1132160.35
20_29,173019.73,1132160.35
21_20,171669.73,1132310.35
21_21,171819.73,1132310.35
21_22,171969.73,1132310.35
21_23,172119.73,1132310.35
21_24,172269.73,1132310.35
21_25,172419.73,1132310.35
21_26,172569.73,1132310.35
21_27,172719.73,1132310.35
21_28,172869.73,1132310.35
22_21,171819.73,1132460.35
22_22,171969.73,1132460.35
22_23,172119.73,1132460.35
22_24,172269.73,1132460.35
22_25,172419.73,1132460.35
22_26,172569.73,1132460.35
22_27,172719.73,1132460.35
23_21,171819.73,1132610.35
23_22,171969.73,1132610.35
23_23,172119.73,1132610.35
23_24,172269.73,1132610.35
23_25,172419.73,1132610.35
23_26,172569.73,1132610.35
10_24,172269.73,1130660.35
18_16,171069.73,1131860.35
19_17,171219.73,1132010.35
20_18,171369.73,1132160.35
21_19,171519.73,1132310.35
22_19,171519.73,1132460.35
22_20,171669.73,1132460.35
23_20,171669.73,1132610.35
8_22,171969.73,1130360.35
9_23,172119.73,1130510.35
9_24,172269.73,1130510.35
10_25,172419.73,1130660.35
11_25,172419.73,1130810.35
11_26,172569.73,1130810.35
12_26,172569.73,1130960.35
12_27,172719.73,1130960.35
13_27,172719.73,1131110.35
14_28,172869.73,1131260.35
15_29,173019.73,1131410.35
21_18,171369.73,1132310.35
13_28,172869.73,1131110.35
17_30,173169.73,1131710.35
18_30,173169.73,1131860.35
19_30,173169.73,1132010.35
19_31,173319.73,1132010.35
20_30,173169.73,1132160.35
20_31,173319.73,1132160.35
21_29,173019.73,1132310.35
21_30,173169.73,1132310.35
21_31,173319.73,1132310.35
9_25,172419.73,1130510.35
10_26,172569.73,1130660.35
11_27,172719.73,1130810.35
12_28,172869.73,1130960.35
14_29,173019.73,1131260.35
23_19,171519.73,1132610.35
19_16,171069.73,1132010.35
20_17,171219.73,1132160.35
11_18,171369.73,1130810.35
13_17,171219.73,1131110.35
22_18,171369.73,1132460.35
15_16,171069.73,1131410.35
21_17,171219.73,1132310.35
23_27,172719.73,1132610.35
22_28,172869.73,1132460.35
10_18,171369.73,1130660.35
22_17,171219.73,1132460.35
23_17,171219.73,1132610.35
23_18,171369.73,1132610.35
9_18,171369.73,1130510.35
9_19,171519.73,1130510.35
10_14,170769.73,1130660.35
10_15,170919.73,1130660.35
10_16,171069.73,1130660.35
10_17,171219.73,1130660.35
11_8,169869.73,1130810.35
11_9,170019.73,1130810.35
11_10,170169.73,1130810.35
11_11,170319.73,1130810.35
11_12,170469.73,1130810.35
11_13,170619.73,1130810.35
11_14,170769.73,1130810.35
11_15,170919.73,1130810.35
11_16,171069.73,1130810.35
11_17,171219.73,1130810.35
11_28,172869.73,1130810.35
12_8,169869.73,1130960.35
12_9,170019.73,1130960.35
12_10,170169.73,1130960.35
12_11,170319.73,1130960.35
12_12,170469.73,1130960.35
12_13,170619.73,1130960.35
12_14,170769.73,1130960.35
12_15,170919.73,1130960.35
12_16,171069.73,1130960.35
12_17,171219.73,1130960.35
12_29,173019.73,1130960.35
12_30,173169.73,1130960.35
13_9,170019.73,1131110.35
13_10,170169.73,1131110.35
13_11,170319.73,1131110.35
13_12,170469.73,1131110.35
13_13,170619.73,1131110.35
13_14,170769.73,1131110.35
13_15,170919.73,1131110.35
13_16,171069.73,1131110.35
13_29,173019.73,1131110.35
13_30,173169.73,1131110.35
13_31,173319.73,1131110.35
13_32,173469.73,1131110.35
14_9,170019.73,1131260.35
14_10,170169.73,1131260.35
14_11,170319.73,1131260.35
14_12,170469.73,1131260.35
14_13,170619.73,1131260.35
14_14,170769.73,1131260.35
14_15,170919.73,1131260.35
14_16,171069.73,1131260.35
14_30,173169.73,1131260.35
14_31,173319.73,1131260.35
14_32,173469.73,1131260.35
14_33,173619.73,1131260.35
15_9,170019.73,1131410.35
15_10,170169.73,1131410.35
15_11,170319.73,1131410.35
15_12,170469.73,1131410.35
15_13,170619.73,1131410.35
15_14,170769.73,1131410.35
15_15,170919.73,1131410.35
15_30,173169.73,1131410.35
15_31,173319.73,1131410.35
15_32,173469.73,1131410.35
15_33,173619.73,1131410.35
16_9,170019.73,1131560.35
16_10,170169.73,1131560.35
16_11,170319.73,1131560.35
16_12,170469.73,1131560.35
16_13,170619.73,1131560.35
16_14,170769.73,1131560.35
16_15,170919.73,1131560.35
16_30,173169.73,1131560.35
16_31,173319.73,1131560.35
16_32,173469.73,1131560.35
16_33,173619.73,1131560.35
17_9,170019.73,1131710.35
17_10,170169.73,1131710.35
17_11,170319.73,1131710.35
17_12,170469.73,1131710.35
17_13,170619.73,1131710.35
17_14,170769.73,1131710.35
17_15,170919.73,1131710.35
17_31,173319.73,1131710.35
17_32,173469.73,1131710.35
17_33,173619.73,1131710.35
18_9,170019.73,1131860.35
18_10,170169.73,1131860.35
18_11,170319.73,1131860.35
18_12,170469.73,1131860.35
18_13,170619.73,1131860.35
18_14,170769.73,1131860.35
18_15,170919.73,1131860.35
18_31,173319.73,1131860.35
18_32,173469.73,1131860.35
18_33,173619.73,1131860.35
19_9,170019.73,1132010.35
19_10,170169.73,1132010.35
19_11,170319.73,1132010.35
19_12,170469.73,1132010.35
19_13,170619.73,1132010.35
19_14,170769.73,1132010.35
19_15,170919.73,1132010.35
19_32,173469.73,1132010.35
19_33,173619.73,1132010.35
20_9,170019.73,1132160.35
20_10,170169.73,1132160.35
20_11,170319.73,1132160.35
20_12,170469.73,1132160.35
20_13,170619.73,1132160.35
20_14,170769.73,1132160.35
20_15,170919.73,1132160.35
20_16,171069.73,1132160.35
20_32,173469.73,1132160.35
20_33,173619.73,1132160.35
21_9,170019.73,1132310.35
21_10,170169.73,1132310.35
21_11,170319.73,1132310.35
21_12,170469.73,1132310.35
21_13,170619.73,1132310.35
21_14,170769.73,1132310.35
21_15,170919.73,1132310.35
21_16,171069.73,1132310.35
21_32,173469.73,1132310.35
21_33,173619.73,1132310.35
22_9,170019.73,1132460.35
22_10,170169.73,1132460.35
22_11,170319.73,1132460.35
22_12,170469.73,1132460.35
22_13,170619.73,1132460.35
22_14,170769.73,1132460.35
22_15,170919.73,1132460.35
22_16,171069.73,1132460.35
22_29,173019.73,1132460.35
22_30,173169.73,1132460.35
22_31,173319.73,1132460.35
22_32,173469.73,1132460.35
22_33,173619.73,1132460.35
23_9,170019.73,1132610.35
23_10,170169.73,1132610.35
23_11,170319.73,1132610.35
23_12,170469.73,1132610.35
23_13,170619.73,1132610.35
23_14,170769.73,1132610.35
23_15,170919.73,1132610.35
23_16,171069.73,1132610.35
23_28,172869.73,1132610.35
23_29,173019.73,1132610.35
23_30,173169.73,1132610.35
23_31,173319.73,1132610.35
23_32,173469.73,1132610.35
23_33,173619.73,1132610.35
24_9,170019.73,1132760.35
24_10,170169.73,1132760.35
24_11,170319.73,1132760.35
24_12,170469.73,1132760.35
24_13,170619.73,1132760.35
24_14,170769.73,1132760.35
24_15,170919.73,1132760.35
24_16,171069.73,1132760.35
24_17,171219.73,1132760.35
24_18,171369.73,1132760.35
24_19,171519.73,1132760.35
24_20,171669.73,1132760.35
24_21,171819.73,1132760.35
24_22,171969.73,1132760.35
24_23,172119.73,1132760.35
24_24,172269.73,1132760.35
24_25,172419.73,1132760.35
24_26,172569.73,1132760.35
24_27,172719.73,1132760.35
24_28,172869.73,1132760.35
24_29,173019.73,1132760.35
24_30,173169.73,1132760.35
24_31,173319.73,1132760.35
24_32,173469.73,1132760.35
25_10,170169.73,1132910.35
25_11,170319.73,1132910.35
25_12,170469.73,1132910.35
25_13,170619.73,1132910.35
25_14,170769.73,1132910.35
25_15,170919.73,1132910.35
25_16,171069.73,1132910.35
25_17,171219.73,1132910.35
25_18,171369.73,1132910.35
25_19,171519.73,1132910.35
25_20,171669.73,1132910.35
25_21,171819.73,1132910.35
25_22,171969.73,1132910.35
25_23,172119.73,1132910.35
25_24,172269.73,1132910.35
25_25,172419.73,1132910.35
25_26,172569.73,1132910.35
25_27,172719.73,1132910.35
25_28,172869.73,1132910.35
25_29,173019.73,1132910.35
25_30,173169.73,1132910.35
25_31,173319.73,1132910.35
25_32,173469.73,1132910.35
26_11,170319.73,1133060.35
26_12,170469.73,1133060.35
26_13,170619.73,1133060.35
26_14,170769.73,1133060.35
26_15,170919.73,1133060.35
26_16,171069.73,1133060.35
26_17,171219.73,1133060.35
26_18,171369.73,1133060.35
26_19,171519.73,1133060.35
26_20,171669.73,1133060.35
26_21,171819.73,1133060.35
26_22,171969.73,1133060.35
26_23,172119.73,1133060.35
26_24,172269.73,1133060.35
26_25,172419.73,1133060.35
26_26,172569.73,1133060.35
26_27,172719.73,1133060.35
26_28,172869.73,1133060.35
26_29,173019.73,1133060.35
26_30,173169.73,1133060.35
26_31,173319.73,1133060.35
27_15,170919.73,1133210.35
27_16,171069.73,1133210.35
27_17,171219.73,1133210.35
27_18,171369.73,1133210.35
27_19,171519.73,1133210.35
27_20,171669.73,1133210.35
27_21,171819.73,1133210.35
27_22,171969.73,1133210.35
27_23,172119.73,1133210.35
27_24,172269.73,1133210.35
27_25,172419.73,1133210.35
27_26,172569.73,1133210.35
27_27,172719.73,1133210.35
27_28,172869.73,1133210.35
27_29,173019.73,1133210.35
27_30,173169.73,1133210.35
28_19,171519.73,1133360.35
28_20,171669.73,1133360.35
28_21,171819.73,1133360.35
28_22,171969.73,1133360.35
28_23,172119.73,1133360.35
28_24,172269.73,1133360.35
28_25,172419.73,1133360.35
28_26,172569.73,1133360.35
28_27,172719.73,1133360.35
28_28,172869.73,1133360.35
28_29,173019.73,1133360.35
28_30,173169.73,1133360.35
29_23,172119.73,1133510.35
29_24,172269.73,1133510.35
29_25,172419.73,1133510.35
29_26,172569.73,1133510.35
29_27,172719.73,1133510.35
29_28,172869.73,1133510.35
29_29,173019.73,1133510.35
30_26,172569.73,1133660.35
30_27,172719.73,1133660.35
30_28,172869.73,1133660.35
13_8,169869.73,1131110.35
9_17,171219.73,1130510.35
10_12,170469.73,1130660.35
10_13,170619.73,1130660.35
27_12,170469.73,1133210.35
27_13,170619.73,1133210.35
27_14,170769.73,1133210.35
27_31,173319.73,1133210.35
28_13,170619.73,1133360.35
28_14,170769.73,1133360.35
28_15,170919.73,1133360.35
28_16,171069.73,1133360.35
28_17,171219.73,1133360.35
28_18,171369.73,1133360.35
29_15,170919.73,1133510.35
29_16,171069.73,1133510.35
29_17,171219.73,1133510.35
29_18,171369.73,1133510.35
29_19,171519.73,1133510.35
29_20,171669.73,1133510.35
29_21,171819.73,1133510.35
29_22,171969.73,1133510.35
30_16,171069.73,1133660.35
30_17,171219.73,1133660.35
30_18,171369.73,1133660.35
30_19,171519.73,1133660.35
30_20,171669.73,1133660.35
30_21,171819.73,1133660.35
30_22,171969.73,1133660.35
30_23,172119.73,1133660.35
30_24,172269.73,1133660.35
30_25,172419.73,1133660.35
30_29,173019.73,1133660.35
31_17,171219.73,1133810.35
31_18,171369.73,1133810.35
31_19,171519.73,1133810.35
31_20,171669.73,1133810.35
31_21,171819.73,1133810.35
31_22,171969.73,1133810.35
31_23,172119.73,1133810.35
31_24,172269.73,1133810.35
31_25,172419.73,1133810.35
31_26,172569.73,1133810.35
31_27,172719.73,1133810.35
31_28,172869.73,1133810.35
32_18,171369.73,1133960.35
32_19,171519.73,1133960.35
32_20,171669.73,1133960.35
32_21,171819.73,1133960.35
32_22,171969.73,1133960.35
32_23,172119.73,1133960.35
32_24,172269.73,1133960.35
32_25,172419.73,1133960.35
32_26,172569.73,1133960.35
32_27,172719.73,1133960.35
33_19,171519.73,1134110.35
33_20,171669.73,1134110.35
33_21,171819.73,1134110.35
33_22,171969.73,1134110.35
33_23,172119.73,1134110.35
33_24,172269.73,1134110.35
33_25,172419.73,1134110.35
33_26,172569.73,1134110.35
26_10,170169.73,1133060.35
8_15,170919.73,1130360.35
8_16,171069.73,1130360.35
8_17,171219.73,1130360.35
8_18,171369.73,1130360.35
8_19,171519.73,1130360.35
9_13,170619.73,1130510.35
9_14,170769.73,1130510.35
9_15,170919.73,1130510.35
9_16,171069.73,1130510.35
10_11,170319.73,1130660.35
29_14,170769.73,1133510.35
30_15,170919.73,1133660.35
5_17,171219.73,1129910.35
5_18,171369.73,1129910.35
5_19,171519.73,1129910.35
6_13,170619.73,1130060.35
6_14,170769.73,1130060.35
6_15,170919.73,1130060.35
6_16,171069.73,1130060.35
6_17,171219.73,1130060.35
6_18,171369.73,1130060.35
6_19,171519.73,1130060.35
6_20,171669.73,1130060.35
6_21,171819.73,1130060.35
6_22,171969.73,1130060.35
6_23,172119.73,1130060.35
6_24,172269.73,1130060.35
6_25,172419.73,1130060.35
6_26,172569.73,1130060.35
6_27,172719.73,1130060.35
7_11,170319.73,1130210.35
7_12,170469.73,1130210.35
7_13,170619.73,1130210.35
7_14,170769.73,1130210.35
7_15,170919.73,1130210.35
7_16,171069.73,1130210.35
7_17,171219.73,1130210.35
7_18,171369.73,1130210.35
7_19,171519.73,1130210.35
7_20,171669.73,1130210.35
7_21,171819.73,1130210.35
7_22,171969.73,1130210.35
7_23,172119.73,1130210.35
7_24,172269.73,1130210.35
7_25,172419.73,1130210.35
7_26,172569.73,1130210.35
7_27,172719.73,1130210.35
8_10,170169.73,1130360.35
8_11,170319.73,1130360.35
8_12,170469.73,1130360.35
8_13,170619.73,1130360.35
8_14,170769.73,1130360.35
8_23,172119.73,1130360.35
8_24,172269.73,1130360.35
8_25,172419.73,1130360.35
8_26,172569.73,1130360.35
8_27,172719.73,1130360.35
9_10,170169.73,1130510.35
9_11,170319.73,1130510.35
9_12,170469.73,1130510.35
9_26,172569.73,1130510.35
9_27,172719.73,1130510.35
10_9,170019.73,1130660.35
10_10,170169.73,1130660.35
10_27,172719.73,1130660.35
10_28,172869.73,1130660.35
12_31,173319.73,1130960.35
12_32,173469.73,1130960.35
12_33,173619.73,1130960.35
12_34,173769.73,1130960.35
13_33,173619.73,1131110.35
27_11,170319.73,1133210.35
28_12,170469.73,1133360.35
5_20,171669.73,1129910.35
5_21,171819.73,1129910.35
26_32,173469.73,1133060.35
29_30,173169.73,1133510.35
5_22,171969.73,1129910.35
5_23,172119.73,1129910.35
25_9,170019.73,1132910.35
4_18,171369.73,1129760.35
4_19,171519.73,1129760.35
4_20,171669.73,1129760.35
5_13,170619.73,1129910.35
5_14,170769.73,1129910.35
5_15,170919.73,1129910.35
5_16,171069.73,1129910.35
5_24,172269.73,1129910.35
6_12,170469.73,1130060.35
24_33,173619.73,1132760.35
7_28,172869.73,1130210.35
8_28,172869.73,1130360.35
9_28,172869.73,1130510.35
9_29,173019.73,1130510.35
10_29,173019.73,1130660.35
10_30,173169.73,1130660.35
11_29,173019.73,1130810.35
11_30,173169.73,1130810.35
22_8,169869.73,1132460.35
23_8,169869.73,1132610.35
24_8,169869.73,1132760.35
13_7,169719.73,1131110.35
14_7,169719.73,1131260.35
14_8,169869.73,1131260.35
15_6,169569.73,1131410.35
15_7,169719.73,1131410.35
15_8,169869.73,1131410.35
16_6,169569.73,1131560.35
16_7,169719.73,1131560.35
16_8,169869.73,1131560.35
17_5,169419.73,1131710.35
17_6,169569.73,1131710.35
17_7,169719.73,1131710.35
17_8,169869.73,1131710.35
18_5,169419.73,1131860.35
18_6,169569.73,1131860.35
18_7,169719.73,1131860.35
18_8,169869.73,1131860.35
19_4,169269.73,1132010.35
19_5,169419.73,1132010.35
19_6,169569.73,1132010.35
19_7,169719.73,1132010.35
19_8,169869.73,1132010.35
20_4,169269.73,1132160.35
20_5,169419.73,1132160.35
20_6,169569.73,1132160.35
20_7,169719.73,1132160.35
20_8,169869.73,1132160.35
21_3,169119.73,1132310.35
21_4,169269.73,1132310.35
21_5,169419.73,1132310.35
21_6,169569.73,1132310.35
21_7,169719.73,1132310.35
21_8,169869.73,1132310.35
22_3,169119.73,1132460.35
22_4,169269.73,1132460.35
22_5,169419.73,1132460.35
22_6,169569.73,1132460.35
22_7,169719.73,1132460.35
23_3,169119.73,1132610.35
23_4,169269.73,1132610.35
23_5,169419.73,1132610.35
23_6,169569.73,1132610.35
23_7,169719.73,1132610.35
24_2,168969.73,1132760.35
24_3,169119.73,1132760.35
24_4,169269.73,1132760.35
24_5,169419.73,1132760.35
24_6,169569.73,1132760.35
24_7,169719.73,1132760.35
25_2,168969.73,1132910.35
25_3,169119.73,1132910.35
25_4,169269.73,1132910.35
25_5,169419.73,1132910.35
25_6,169569.73,1132910.35
25_7,169719.73,1132910.35
25_8,169869.73,1132910.35
26_1,168819.73,1133060.35
26_2,168969.73,1133060.35
26_3,169119.73,1133060.35
26_4,169269.73,1133060.35
26_5,169419.73,1133060.35
26_6,169569.73,1133060.35
26_7,169719.73,1133060.35
26_8,169869.73,1133060.35
26_9,170019.73,1133060.35
27_2,168969.73,1133210.35
27_3,169119.73,1133210.35
27_4,169269.73,1133210.35
27_5,169419.73,1133210.35
27_6,169569.73,1133210.35
27_7,169719.73,1133210.35
27_8,169869.73,1133210.35
27_9,170019.73,1133210.35
27_10,170169.73,1133210.35
28_6,169569.73,1133360.35
28_7,169719.73,1133360.35
28_8,169869.73,1133360.35
28_9,170019.73,1133360.35
28_10,170169.73,1133360.35
28_11,170319.73,1133360.35
29_11,170319.73,1133510.35
29_12,170469.73,1133510.35
29_13,170619.73,1133510.35
3_15,170919.73,1129610.35
3_16,171069.73,1129610.35
4_11,170319.73,1129760.35
4_12,170469.73,1129760.35
4_13,170619.73,1129760.35
4_14,170769.73,1129760.35
4_15,170919.73,1129760.35
4_16,171069.73,1129760.35
4_17,171219.73,1129760.35
5_9,170019.73,1129910.35
5_10,170169.73,1129910.35
5_11,170319.73,1129910.35
5_12,170469.73,1129910.35
6_8,169869.73,1130060.35
6_9,170019.73,1130060.35
6_10,170169.73,1130060.35
6_11,170319.73,1130060.35
7_8,169869.73,1130210.35
7_9,170019.73,1130210.35
7_10,170169.73,1130210.35
8_8,169869.73,1130360.35
8_9,170019.73,1130360.35
9_8,169869.73,1130510.35
9_9,170019.73,1130510.35
10_8,169869.73,1130660.35
2_16,171069.73,1129460.35
3_17,171219.73,1129610.35
6_28,172869.73,1130060.35
6_29,173019.73,1130060.35
7_29,173019.73,1130210.35
8_29,173019.73,1130360.35
8_30,173169.73,1130360.35
9_30,173169.73,1130510.35
10_31,173319.73,1130660.35
11_31,173319.73,1130810.35
