map_id,year
18--_unknown,1855
18--_unknown_2,1855
1810_clarke,1810
1818_sieber,1818
1821_unknown,1821
1822_richardson,1822
1823_westphal,1823
1827_failoni,1827
183-_starling,1835
1835_catherwood,1835
1835_catherwood_2,1835
1835_catherwood_3,1835
1836_unknown,1836
1837_dufour,1837
1837_unknown,1837
1837_unknown_2,1837
1840_renner,1840
1841_aldrich_symonds,1841
1841_kiepert,1841
1841_kiepert_2,1841
1842_bartlett,1842
1842_bartlett_2,1842
1842_bartlett_3,1842
1843_ball,1843
1843_unknown,1843
1844_unknown,1844
1845_kiepert,1845
1845_tobler,1845
1845_williams,1845
1846_krafft,1846
1846_vandevelde,1846
1846_vandevelde_2,1846
1846_vandevelde_3,1846
1848_gadow,1848
1851_unknown,1851
1852_lange,1852
1852_vandevelde,1852
1852_vandevelde_2,1852
1853_zimpel,1853
1854_coleman,1854
1854_unknown,1854
1854_unknown_2,1854
1855_pierotti,1855
1855_thrupp,1855
1856_barclay,1856
1856_kiepert,1856
1856_stanley,1856
1856_unknown,1856
1856_unknown_2,1856
1856_warburton,1856
1857_sherwin,1857
1858_gratz,1858
1858_vandevelde,1858
1859_saintine,1859
1859_saintine_2,1859
1859_unknown,1859
1860_bartholomew,1860
1860_pierotti,1860
1860_pierotti_2,1860
1861_lionnet,1861
1861_mandrot,1861
1862_devogue,1862
1862_johnson,1862
1863_gelis,1863
1863_pierotti,1863
1864_mitchell,1864
1864_pierotti,1864
1865_fehr,1865
1865_riess,1865
1865_sandreczki,1865
1865_unknown,1865
1865_wilson,1865
1865_wilson_2,1865
1866_gelis,1866
1866_unknown,1866
1866_unknown_2,1866
1866_vandevelde,1866
1866_weller,1866
1867_roberts,1867
1868_unknown,1868
1869_pierotti,1869
1869_pierotti_2,1869
187-_hughes,1875
1870_warren,1870
1871_howe,1871
1871_whitney,1871
1872_wolff,1872
1873_conder,1873
1873_illes,1873
1873_rawson,1873
1874_saunders,1874
1874_unknown,1874
1875_unknown,1875
1875_unknown_2,1875
1875_weller,1875
1876_ancessi,1876
1876_kiepert,1876
1876_unknown,1876
1876_zimmermann,1876
1877_gatt,1877
1877_unknown,1877
1878_unknown,1878
1879_conder,1879
1879_unknown,1879
188-_unknown,1885
1880_kiepert,1880
1880_kiepert_2,1880
1881_guerin,1881
1881_magnenat-gloor,1881
1881_pierotti,1881
1881_unknown,1881
1882_guthe,1882
1882_house,1882
1882_thuillier,1882
1882_unknown,1882
1882_unknown_2,1882
1883_house,1883
1883_sandreczki,1883
1884_perron,1884
1885_barkdull,1885
1885_muret,1885
1885_unknown,1885
1886_PEF,1886
1886_nicole,1886
1887_hurlbut,1887
1887_riess,1887
1887_unknown,1887
1887_unknown_2,1887
1888_nicole,1888
1888_pierotti,1888
1888_pierotti_2,1888
1888_temple,1888
1888_unknown,1888
1889_ruze,1889
189-_unknown,1895
189-_unknown_2,1895
1890_unknown,1890
1891_unknown,1891
1893_nicole,1893
1893_unknown,1893
1893_unknown_2,1893
1894_schick,1894
1895_riess,1895
1895_unknown,1895
1895_unknown_2,1895
1896_philip,1896
1896_unknown,1896
1897_harris,1897
1897_unknown,1897
1898_schneller,1898
1898_unknown,1898
1899_unknown,1899
1899_unknown_2,1899
1899_unknown_3,1899
19--_frassi,1925
19--_unknown,1925
1900_wilson,1900
1900_wilson_2,1900
1901_unknown,1901
1902_unknown,1902
1903_unknown,1903
1904_kuemmel,1904
1904_unknown,1904
1905_schick,1905
1905_unknown,1905
1906_hanauer,1906
1906_unknown,1906
1907_unknown,1907
1907_unknown_2,1907
1907_unknown_3,1907
1907_unknown_4,1907
1911_vincent,1911
1912_conder,1912
1912_ruze,1912
1912_ruze_2,1912
1912_unknown,1912
1912_vincent,1912
1913_unknown,1913
1915_unknown,1915
1915_unknown_2,1915
1917_surveyOfEgypt,1917
1917_surveyOfEgypt_2,1917
1917_surveyOfEgypt_3,1917
1917_surveyOfEgypt_4,1917
1919_chagise,1919
1920_zionistcommission,1920
1920_zionistcommission_2,1920
1922_palestineLandDevelopment,1922
1923_hausermann,1923
1923_hausermann_2,1923
1923_palestineLandDevelopment,1923
1924_cook,1924
1924_palestineLandDevelopment,1924
1924_surveyOfEgypt,1924
1924_surveyOfEgypt_2,1924
1924_surveyOfEgypt_3,1924
1925_americanColony,1925
1925_monzon,1925
1925_palestineLandDevelopment,1925
1925_surveyOfPalestine,1925
